Date,Market Return,Rolling Volatility,Market Regime,Period
2018-01-02 00:00:00-05:00,,,Low Volatility,Train
2018-01-03 00:00:00-05:00,0.006325476121188611,,Low Volatility,Train
2018-01-04 00:00:00-05:00,0.004214618379913215,,Low Volatility,Train
2018-01-05 00:00:00-05:00,0.0066638301047443615,,Low Volatility,Train
2018-01-08 00:00:00-05:00,0.0018289961104909214,,Low Volatility,Train
2018-01-09 00:00:00-05:00,0.00226360654439528,,Low Volatility,Train
2018-01-10 00:00:00-05:00,-0.0015304378214526793,,Low Volatility,Train
2018-01-11 00:00:00-05:00,0.007296351995199402,,Low Volatility,Train
2018-01-12 00:00:00-05:00,0.006518729031958825,,Low Volatility,Train
2018-01-16 00:00:00-05:00,-0.003417836892175563,,Low Volatility,Train
2018-01-17 00:00:00-05:00,0.009531550953553625,,Low Volatility,Train
2018-01-18 00:00:00-05:00,-0.0016809041985308415,,Low Volatility,Train
2018-01-19 00:00:00-05:00,0.004549837504469245,,Low Volatility,Train
2018-01-22 00:00:00-05:00,0.00813056054268202,,Low Volatility,Train
2018-01-23 00:00:00-05:00,0.002122491381010061,,Low Volatility,Train
2018-01-24 00:00:00-05:00,-0.00038818575341714734,,Low Volatility,Train
2018-01-25 00:00:00-05:00,0.00042381279173198116,,Low Volatility,Train
2018-01-26 00:00:00-05:00,0.011577550100383638,,Low Volatility,Train
2018-01-29 00:00:00-05:00,-0.006629292831763611,,Low Volatility,Train
2018-01-30 00:00:00-05:00,-0.010257661711769117,,Low Volatility,Train
2018-01-31 00:00:00-05:00,0.0004965803809420244,0.005495385482195468,Low Volatility,Train
2018-02-01 00:00:00-05:00,-0.0011352173880875283,0.005468189687890021,Low Volatility,Train
2018-02-02 00:00:00-05:00,-0.021769811168884323,0.007594891547562477,Low Volatility,Train
2018-02-05 00:00:00-05:00,-0.041822266347447234,0.012039143837374831,High Volatility,Train
2018-02-06 00:00:00-05:00,0.019702227864619948,0.012943833697125496,High Volatility,Train
2018-02-07 00:00:00-05:00,-0.005425138494284498,0.012962192155128551,High Volatility,Train
2018-02-08 00:00:00-05:00,-0.03750864679823496,0.015298591432241975,High Volatility,Train
2018-02-09 00:00:00-05:00,0.015021621084821524,0.01566495910464864,High Volatility,Train
2018-02-12 00:00:00-05:00,0.014684524201595606,0.016017531210015857,High Volatility,Train
2018-02-13 00:00:00-05:00,0.0024873971245813475,0.016048099188945918,High Volatility,Train
2018-02-14 00:00:00-05:00,0.013496159076516134,0.016220227294909594,High Volatility,Train
2018-02-15 00:00:00-05:00,0.01276004744859982,0.01653922931805225,High Volatility,Train
2018-02-16 00:00:00-05:00,0.0002930879373306272,0.01649172249392292,High Volatility,Train
2018-02-20 00:00:00-05:00,-0.006261105312730719,0.016377350666789615,High Volatility,Train
2018-02-21 00:00:00-05:00,-0.0049746337101079785,0.01636233736979142,High Volatility,Train
2018-02-22 00:00:00-05:00,0.0012965706687331213,0.016376819406543036,High Volatility,Train
2018-02-23 00:00:00-05:00,0.015939220757349437,0.016866671286723842,High Volatility,Train
2018-02-26 00:00:00-05:00,0.01161221305115201,0.01686807686786327,High Volatility,Train
2018-02-27 00:00:00-05:00,-0.012486623440548072,0.017013870608467003,High Volatility,Train
2018-02-28 00:00:00-05:00,-0.010129871511717181,0.01701050838298324,High Volatility,Train
2018-03-01 00:00:00-05:00,-0.014540665607879366,0.01723973048301853,High Volatility,Train
2018-03-02 00:00:00-05:00,0.005154739242964279,0.017321925073995506,High Volatility,Train
2018-03-05 00:00:00-05:00,0.011557917223681491,0.016931133914634515,High Volatility,Train
2018-03-06 00:00:00-05:00,0.002535141799616669,0.013852808178947991,High Volatility,Train
2018-03-07 00:00:00-05:00,-0.00036649753894413273,0.01319608159777084,High Volatility,Train
2018-03-08 00:00:00-05:00,0.004839171631075612,0.013142471740344218,High Volatility,Train
2018-03-09 00:00:00-05:00,0.017401977227627707,0.009966817268176963,High Volatility,Train
2018-03-12 00:00:00-04:00,-0.0012546905206824999,0.009681296908540651,High Volatility,Train
2018-03-13 00:00:00-04:00,-0.006462806273133781,0.009514617433800523,High Volatility,Train
2018-03-14 00:00:00-04:00,-0.005131682254143954,0.009651721490500477,High Volatility,Train
2018-03-15 00:00:00-04:00,-0.0010898278378850268,0.009261745470946565,High Volatility,Train
2018-03-16 00:00:00-04:00,0.0010846965197750524,0.00884224008560371,High Volatility,Train
2018-03-19 00:00:00-04:00,-0.013530251941729743,0.009379176677860257,High Volatility,Train
2018-03-20 00:00:00-04:00,0.0017005026370910947,0.009278606430452918,High Volatility,Train
2018-03-21 00:00:00-04:00,-0.0019190662128957259,0.00921458600354208,High Volatility,Train
2018-03-22 00:00:00-04:00,-0.02499742979565245,0.010805003719068064,High Volatility,Train
2018-03-23 00:00:00-04:00,-0.021314592576781588,0.010940640878935074,High Volatility,Train
2018-03-26 00:00:00-04:00,0.02735909649371271,0.012493834709502678,High Volatility,Train
2018-03-27 00:00:00-04:00,-0.01701173839856751,0.012730943563012907,High Volatility,Train
2018-03-28 00:00:00-04:00,-0.002954928210696095,0.01259927472887368,High Volatility,Train
2018-03-29 00:00:00-04:00,0.012777521561376348,0.012642851645828627,High Volatility,Train
2018-04-02 00:00:00-04:00,-0.021584335868815252,0.013395752306470946,High Volatility,Train
2018-04-03 00:00:00-04:00,0.012817046650529296,0.013465198087455478,High Volatility,Train
2018-04-04 00:00:00-04:00,0.010698772388578082,0.013726488880012903,High Volatility,Train
2018-04-05 00:00:00-04:00,0.007892094282916595,0.013884018922962791,High Volatility,Train
2018-04-06 00:00:00-04:00,-0.02228551762313702,0.014587120832252783,High Volatility,Train
2018-04-09 00:00:00-04:00,0.004928124108075194,0.01394905029859224,High Volatility,Train
2018-04-10 00:00:00-04:00,0.015900201908904954,0.014576259960537833,High Volatility,Train
2018-04-11 00:00:00-04:00,-0.005241989558589899,0.01455982299803088,High Volatility,Train
2018-04-12 00:00:00-04:00,0.008227075366201042,0.014718741834836591,High Volatility,Train
2018-04-13 00:00:00-04:00,-0.002933329826704356,0.01472228966073256,High Volatility,Train
2018-04-16 00:00:00-04:00,0.008221817222176409,0.014874445674327746,High Volatility,Train
2018-04-17 00:00:00-04:00,0.0106983762081303,0.01480061088787554,High Volatility,Train
2018-04-18 00:00:00-04:00,0.0007405434466358773,0.014796528833710222,High Volatility,Train
2018-04-19 00:00:00-04:00,-0.005547725000584203,0.014843482642385187,High Volatility,Train
2018-04-20 00:00:00-04:00,-0.008479262494797135,0.013813797524934605,High Volatility,Train
2018-04-23 00:00:00-04:00,-0.00014992861995155593,0.012817740070827317,High Volatility,Train
2018-04-24 00:00:00-04:00,-0.013467349397692119,0.011720893782296947,High Volatility,Train
2018-04-25 00:00:00-04:00,0.0024715327742559356,0.011052737326526636,High Volatility,Train
2018-04-26 00:00:00-04:00,0.010165463847019218,0.011216515691412335,High Volatility,Train
2018-04-27 00:00:00-04:00,0.0009389385703795217,0.010886024153609234,High Volatility,Train
2018-04-30 00:00:00-04:00,-0.007690398325160275,0.00977576311100019,High Volatility,Train
2018-05-01 00:00:00-04:00,0.0017767763394755942,0.00940139553271854,High Volatility,Train
2018-05-02 00:00:00-04:00,-0.006717536106380928,0.009245781200371561,High Volatility,Train
2018-05-03 00:00:00-04:00,-0.0022035450226106645,0.009064453183750895,High Volatility,Train
2018-05-04 00:00:00-04:00,0.012946384753089069,0.007972109739137043,Low Volatility,Train
2018-05-07 00:00:00-04:00,0.0033835114905202968,0.007941814367424764,Low Volatility,Train
2018-05-08 00:00:00-04:00,0.0,0.007143462279511467,Low Volatility,Train
2018-05-09 00:00:00-04:00,0.009665485904564619,0.0073044346966019205,Low Volatility,Train
2018-05-10 00:00:00-04:00,0.009350637904966819,0.0073661744683161685,Low Volatility,Train
2018-05-11 00:00:00-04:00,0.0030513261234144107,0.007312565530503102,Low Volatility,Train
2018-05-14 00:00:00-04:00,0.00047667950374563617,0.007138513970996625,Low Volatility,Train
2018-05-15 00:00:00-04:00,-0.006887283211150841,0.006971281842911446,Low Volatility,Train
2018-05-16 00:00:00-04:00,0.0042051021122317955,0.007028461036410953,Low Volatility,Train
2018-05-17 00:00:00-04:00,-0.0008447860074695113,0.0068977062236559115,Low Volatility,Train
2018-05-18 00:00:00-04:00,-0.0025000332535862757,0.006606947078240223,Low Volatility,Train
2018-05-21 00:00:00-04:00,0.007518769648451329,0.006763566538651057,Low Volatility,Train
2018-05-22 00:00:00-04:00,-0.0027804809439817557,0.005904597426106948,Low Volatility,Train
2018-05-23 00:00:00-04:00,0.002751528743502263,0.005906564288367875,Low Volatility,Train
2018-05-24 00:00:00-04:00,-0.002048563779343038,0.005624077461499747,Low Volatility,Train
2018-05-25 00:00:00-04:00,-0.00238300920528689,0.005681563558233061,Low Volatility,Train
2018-05-29 00:00:00-04:00,-0.011500714822995861,0.0060426117004588505,Low Volatility,Train
2018-05-30 00:00:00-04:00,0.013344379324519817,0.006657046319908923,Low Volatility,Train
2018-05-31 00:00:00-04:00,-0.00612557903775679,0.0066200750107320416,Low Volatility,Train
2018-06-01 00:00:00-04:00,0.009817335041022002,0.006811818860402261,Low Volatility,Train
2018-06-04 00:00:00-04:00,0.004751894310166316,0.006354398887809145,Low Volatility,Train
2018-06-05 00:00:00-04:00,0.0007273512731953424,0.006344281192481592,Low Volatility,Train
2018-06-06 00:00:00-04:00,0.008360599669563262,0.006511438159150768,Low Volatility,Train
2018-06-07 00:00:00-04:00,-0.00010815065254843326,0.006263766020952723,Low Volatility,Train
2018-06-08 00:00:00-04:00,0.002956458381430549,0.00599727468908395,Low Volatility,Train
2018-06-11 00:00:00-04:00,0.001329904079633737,0.005980717016940531,Low Volatility,Train
2018-06-12 00:00:00-04:00,0.0012922791201090966,0.005979360463356567,Low Volatility,Train
2018-06-13 00:00:00-04:00,-0.0031910261737633228,0.0057732634201865295,Low Volatility,Train
2018-06-14 00:00:00-04:00,0.002518005231772369,0.005740486170441054,Low Volatility,Train
2018-06-15 00:00:00-04:00,-0.001275901553043579,0.005749348639822069,Low Volatility,Train
2018-06-18 00:00:00-04:00,-0.0020568736925326014,0.00573528550520455,Low Volatility,Train
2018-06-19 00:00:00-04:00,-0.003832392958901032,0.00563735955311523,Low Volatility,Train
2018-06-20 00:00:00-04:00,0.0017056542256166374,0.005583621587955638,Low Volatility,Train
2018-06-21 00:00:00-04:00,-0.006269062340343745,0.005782852977683157,Low Volatility,Train
2018-06-22 00:00:00-04:00,0.0018235309458862758,0.0057613175986319385,Low Volatility,Train
2018-06-25 00:00:00-04:00,-0.01361279002195015,0.006558774700555322,Low Volatility,Train
2018-06-26 00:00:00-04:00,0.002213991211064137,0.005980958675426723,Low Volatility,Train
2018-06-27 00:00:00-04:00,-0.008283967423290184,0.005515084278478896,Low Volatility,Train
2018-06-28 00:00:00-04:00,0.005717199015894181,0.005499542463852871,Low Volatility,Train
2018-06-29 00:00:00-04:00,0.0014396087073804686,0.0050297946554582595,Low Volatility,Train
2018-07-02 00:00:00-04:00,0.0021380124044616533,0.004927555198285346,Low Volatility,Train
2018-07-03 00:00:00-04:00,-0.0035312818038191196,0.0049717124485011985,Low Volatility,Train
2018-07-05 00:00:00-04:00,0.008158034061004127,0.004952810735238006,Low Volatility,Train
2018-07-06 00:00:00-04:00,0.008458145821170104,0.005347140513570067,Low Volatility,Train
2018-07-09 00:00:00-04:00,0.00900437569394863,0.0056900102143054064,Low Volatility,Train
2018-07-10 00:00:00-04:00,0.0035985943980947344,0.005736413110688303,Low Volatility,Train
2018-07-11 00:00:00-04:00,-0.007314619215526674,0.005975953176066123,Low Volatility,Train
2018-07-12 00:00:00-04:00,0.009065855639263543,0.0062668793680823315,Low Volatility,Train
2018-07-13 00:00:00-04:00,0.0007877755494827277,0.0062492291437923385,Low Volatility,Train
2018-07-16 00:00:00-04:00,-0.0008943491300082984,0.006244434869618242,Low Volatility,Train
2018-07-17 00:00:00-04:00,0.004045356061543659,0.006266302580823904,Low Volatility,Train
2018-07-18 00:00:00-04:00,0.002103473933409594,0.006179260372033927,Low Volatility,Train
2018-07-19 00:00:00-04:00,-0.0037713397190123343,0.006267894006507524,Low Volatility,Train
2018-07-20 00:00:00-04:00,-0.0011424432405257035,0.006067630664209282,Low Volatility,Train
2018-07-23 00:00:00-04:00,0.0018589248171607675,0.006067888605556962,Low Volatility,Train
2018-07-24 00:00:00-04:00,0.0050318712859502845,0.005051500385572803,Low Volatility,Train
2018-07-25 00:00:00-04:00,0.008522858537316713,0.005262468941909621,Low Volatility,Train
2018-07-26 00:00:00-04:00,-0.002359182108129909,0.004783236259338349,Low Volatility,Train
2018-07-27 00:00:00-04:00,-0.006776532335086793,0.005149103975578798,Low Volatility,Train
2018-07-30 00:00:00-04:00,-0.005223296347538486,0.005391727447702617,Low Volatility,Train
2018-07-31 00:00:00-04:00,0.004929000865557809,0.005442590324909842,Low Volatility,Train
2018-08-01 00:00:00-04:00,-0.0016703702283384914,0.005363283353847463,Low Volatility,Train
2018-08-02 00:00:00-04:00,0.005447865111493089,0.005227247064899769,Low Volatility,Train
2018-08-03 00:00:00-04:00,0.004284657336961484,0.005021903390329739,Low Volatility,Train
2018-08-06 00:00:00-04:00,0.003667008656663473,0.0047343925748882295,Low Volatility,Train
2018-08-07 00:00:00-04:00,0.0033023754555434603,0.004726982954734757,Low Volatility,Train
2018-08-08 00:00:00-04:00,-0.00042008307277041634,0.004306449596456684,Low Volatility,Train
2018-08-09 00:00:00-04:00,-0.0013662512751628775,0.003965110838382711,Low Volatility,Train
2018-08-10 00:00:00-04:00,-0.006699860666935509,0.004325123082233246,Low Volatility,Train
2018-08-13 00:00:00-04:00,-0.0037436125690872846,0.004424232763925338,Low Volatility,Train
2018-08-14 00:00:00-04:00,0.006380504735557624,0.004551669718637112,Low Volatility,Train
2018-08-15 00:00:00-04:00,-0.007467347730544915,0.00487862248897625,Low Volatility,Train
2018-08-16 00:00:00-04:00,0.008091355856538751,0.005094504718546176,Low Volatility,Train
2018-08-17 00:00:00-04:00,0.0035205570084577698,0.005110862794960493,Low Volatility,Train
2018-08-20 00:00:00-04:00,0.0021398564311954082,0.005113832624978816,Low Volatility,Train
2018-08-21 00:00:00-04:00,0.002345232398449859,0.005036484666530953,Low Volatility,Train
2018-08-22 00:00:00-04:00,-0.0005935130664962429,0.004706804102118872,Low Volatility,Train
2018-08-23 00:00:00-04:00,-0.0013276908579697988,0.0046806800752208525,Low Volatility,Train
2018-08-24 00:00:00-04:00,0.006018070735427372,0.004513678565007632,Low Volatility,Train
2018-08-27 00:00:00-04:00,0.00789551026436719,0.004502561273196085,Low Volatility,Train
2018-08-28 00:00:00-04:00,0.0004831620062903941,0.004446051318984708,Low Volatility,Train
2018-08-29 00:00:00-04:00,0.005380933471879068,0.00445977196814655,Low Volatility,Train
2018-08-30 00:00:00-04:00,-0.004048748646002354,0.0045628058758365765,Low Volatility,Train
2018-08-31 00:00:00-04:00,3.467026794190531e-05,0.004519766000445821,Low Volatility,Train
2018-09-04 00:00:00-04:00,-0.0017222927080743355,0.00452431460363264,Low Volatility,Train
2018-09-05 00:00:00-04:00,-0.002691071871177786,0.004555903704613225,Low Volatility,Train
2018-09-06 00:00:00-04:00,-0.0030100073801231364,0.00462305059446842,Low Volatility,Train
2018-09-07 00:00:00-04:00,-0.0019436918470622233,0.004636976267437474,Low Volatility,Train
2018-09-10 00:00:00-04:00,0.0017386412447362165,0.004325406260796235,Low Volatility,Train
2018-09-11 00:00:00-04:00,0.0032971106000339034,0.004214909704801282,Low Volatility,Train
2018-09-12 00:00:00-04:00,0.00024248928637971012,0.00403966639333727,Low Volatility,Train
2018-09-13 00:00:00-04:00,0.005914302755696266,0.0036686700838088494,Low Volatility,Train
2018-09-14 00:00:00-04:00,0.0001720872572468224,0.0033427293892860184,Low Volatility,Train
2018-09-17 00:00:00-04:00,-0.005294090601860479,0.0035914385861350565,Low Volatility,Train
2018-09-18 00:00:00-04:00,0.005426027371965958,0.0037307654248719276,Low Volatility,Train
2018-09-19 00:00:00-04:00,0.0010654150883013802,0.003715904354295073,Low Volatility,Train
2018-09-20 00:00:00-04:00,0.00810378161877967,0.0040332171875304065,Low Volatility,Train
2018-09-21 00:00:00-04:00,-0.0009136630668435952,0.004020133139297521,Low Volatility,Train
2018-09-24 00:00:00-04:00,-0.003321902688275702,0.003986469233217641,Low Volatility,Train
2018-09-25 00:00:00-04:00,-0.0009275686441474473,0.0036375684668943586,Low Volatility,Train
2018-09-26 00:00:00-04:00,-0.0029925251190602298,0.0037155396482110984,Low Volatility,Train
2018-09-27 00:00:00-04:00,0.002794359765859511,0.003568764078475965,Low Volatility,Train
2018-09-28 00:00:00-04:00,0.00010293098335911743,0.0034331462396164493,Low Volatility,Train
2018-10-01 00:00:00-04:00,0.0034742713189199748,0.0035043704060672117,Low Volatility,Train
2018-10-02 00:00:00-04:00,-0.000582450913925725,0.0034758952469495148,Low Volatility,Train
2018-10-03 00:00:00-04:00,0.000548778564612773,0.0033922332751160963,Low Volatility,Train
2018-10-04 00:00:00-04:00,-0.007815952428421813,0.0038126473736425797,Low Volatility,Train
2018-10-05 00:00:00-04:00,-0.005597274585057543,0.004015718690539614,Low Volatility,Train
2018-10-08 00:00:00-04:00,0.0,0.004001084257846465,Low Volatility,Train
2018-10-09 00:00:00-04:00,-0.0014590396828154661,0.003947348031013285,Low Volatility,Train
2018-10-10 00:00:00-04:00,-0.031663015876787104,0.00809241758239704,Low Volatility,Train
2018-10-11 00:00:00-04:00,-0.022026396413241223,0.009070769305416646,High Volatility,Train
2018-10-12 00:00:00-04:00,0.013888177981689731,0.009814819920599833,High Volatility,Train
2018-10-15 00:00:00-04:00,-0.005617049479164193,0.00982016641099759,High Volatility,Train
2018-10-16 00:00:00-04:00,0.021865650145721283,0.011110780113076797,High Volatility,Train
2018-10-17 00:00:00-04:00,0.00017854066076927744,0.011101542977040245,High Volatility,Train
2018-10-18 00:00:00-04:00,-0.014441042975838148,0.011208656943844712,High Volatility,Train
2018-10-19 00:00:00-04:00,-0.0005425663169541517,0.011212120323477933,High Volatility,Train
2018-10-22 00:00:00-04:00,-0.0044888959771532955,0.01121852520203885,High Volatility,Train
2018-10-23 00:00:00-04:00,-0.005090816261790088,0.011221260453590565,High Volatility,Train
2018-10-24 00:00:00-04:00,-0.030298504187084796,0.012777050197953983,High Volatility,Train
2018-10-25 00:00:00-04:00,0.0179405889068065,0.013641687988850413,High Volatility,Train
2018-10-26 00:00:00-04:00,-0.017587616492565572,0.013960048942705791,High Volatility,Train
2018-10-29 00:00:00-04:00,-0.005539910067956955,0.013835164616050931,High Volatility,Train
2018-10-30 00:00:00-04:00,0.01481837220668969,0.014501622224719554,High Volatility,Train
2018-10-31 00:00:00-04:00,0.010680855952382329,0.014847139961068873,High Volatility,Train
2018-11-01 00:00:00-04:00,0.010641899237981534,0.015144576258690493,High Volatility,Train
2018-11-02 00:00:00-04:00,-0.005922961480740341,0.01514801112273076,High Volatility,Train
2018-11-05 00:00:00-05:00,0.005516797148035213,0.01525028515314039,High Volatility,Train
2018-11-06 00:00:00-05:00,0.006328008565280818,0.01537600093653302,High Volatility,Train
2018-11-07 00:00:00-05:00,0.02140888430970933,0.014557461248602816,High Volatility,Train
2018-11-08 00:00:00-05:00,-0.0018151096245623277,0.013573406798165735,High Volatility,Train
2018-11-09 00:00:00-05:00,-0.009768159728470338,0.013476262274802874,High Volatility,Train
2018-11-12 00:00:00-05:00,-0.01868497966181304,0.014086995019256953,High Volatility,Train
2018-11-13 00:00:00-05:00,-0.0018711875450715398,0.013091282724162932,High Volatility,Train
2018-11-14 00:00:00-05:00,-0.006836697995883267,0.013139894892339661,High Volatility,Train
2018-11-15 00:00:00-05:00,0.010436345044820383,0.013055258980415103,High Volatility,Train
2018-11-16 00:00:00-05:00,0.002600943013080892,0.013074056873416881,High Volatility,Train
2018-11-19 00:00:00-05:00,-0.01691448160994813,0.013565744224178732,High Volatility,Train
2018-11-20 00:00:00-05:00,-0.018506366058078094,0.014099934385776962,High Volatility,Train
2018-11-21 00:00:00-05:00,0.0034078591547264114,0.012411056691778343,High Volatility,Train
2018-11-23 00:00:00-05:00,-0.006679086631520614,0.011742660244788618,High Volatility,Train
2018-11-26 00:00:00-05:00,0.016144813356674392,0.011689565304384116,High Volatility,Train
2018-11-27 00:00:00-05:00,0.0033638356243455014,0.011617870585102481,High Volatility,Train
2018-11-28 00:00:00-05:00,0.02302544212468116,0.012261799517560623,High Volatility,Train
2018-11-29 00:00:00-05:00,-0.0021848384446089275,0.012081447999936006,High Volatility,Train
2018-11-30 00:00:00-05:00,0.006095149354203189,0.011925996473414616,High Volatility,Train
2018-12-03 00:00:00-05:00,0.013241316417576865,0.012154102058485295,High Volatility,Train
2018-12-04 00:00:00-05:00,-0.032402283092092365,0.014256383583841098,High Volatility,Train
2018-12-06 00:00:00-05:00,-0.001517012942096052,0.014166836499060267,High Volatility,Train
2018-12-07 00:00:00-05:00,-0.023236101065404413,0.013987348858058012,High Volatility,Train
2018-12-10 00:00:00-05:00,0.0018971984784919016,0.014029934101922855,High Volatility,Train
2018-12-11 00:00:00-05:00,0.00022719892763656269,0.013950933706749557,High Volatility,Train
2018-12-12 00:00:00-05:00,0.005035369572327086,0.013496248867386285,High Volatility,Train
2018-12-13 00:00:00-05:00,-0.000339110863853076,0.013496787640863983,High Volatility,Train
2018-12-14 00:00:00-05:00,-0.01846489257620254,0.013995572789064915,High Volatility,Train
2018-12-17 00:00:00-05:00,-0.019618215353193524,0.014231067822181863,High Volatility,Train
2018-12-18 00:00:00-05:00,-0.0010965378602522113,0.014175085966408856,High Volatility,Train
2018-12-19 00:00:00-05:00,-0.014975654094843138,0.0140843245191572,High Volatility,Train
2018-12-20 00:00:00-05:00,-0.01627809301691352,0.01396626477294288,High Volatility,Train
2018-12-21 00:00:00-05:00,-0.020489356793080615,0.014385543883230162,High Volatility,Train
2018-12-24 00:00:00-05:00,-0.02642294124329103,0.015203467414019036,High Volatility,Train
2018-12-26 00:00:00-05:00,0.05052481698769906,0.019188883530507433,High Volatility,Train
2018-12-27 00:00:00-05:00,0.007677353014192256,0.019296170389751285,High Volatility,Train
2018-12-28 00:00:00-05:00,-0.001289841714370743,0.018278438377917858,High Volatility,Train
2018-12-31 00:00:00-05:00,0.00875848526453149,0.018519295982492544,High Volatility,Train
2019-01-02 00:00:00-05:00,0.001040601546453912,0.018406505133103945,High Volatility,Train
2019-01-03 00:00:00-05:00,-0.023863003464361543,0.018406170980950484,High Volatility,Train
2019-01-04 00:00:00-05:00,0.033495882126724386,0.01935066073138823,High Volatility,Train
2019-01-07 00:00:00-05:00,0.007884617022170914,0.019500832774226384,High Volatility,Train
2019-01-08 00:00:00-05:00,0.00939532836578083,0.019031985712052484,High Volatility,Train
2019-01-09 00:00:00-05:00,0.004673535409899232,0.01906313957943399,High Volatility,Train
2019-01-10 00:00:00-05:00,0.0035275594757859796,0.019085915915076017,High Volatility,Train
2019-01-11 00:00:00-05:00,0.00038629792115307815,0.01904268463660697,High Volatility,Train
2019-01-14 00:00:00-05:00,-0.006101058085782318,0.019079315443713718,High Volatility,Train
2019-01-15 00:00:00-05:00,0.01146088361827613,0.01881426531247604,High Volatility,Train
2019-01-16 00:00:00-05:00,0.0024200079850174028,0.018213789220555703,High Volatility,Train
2019-01-17 00:00:00-05:00,0.007586733630821962,0.018251176871147932,High Volatility,Train
2019-01-18 00:00:00-05:00,0.013309609995196814,0.0179625312695481,High Volatility,Train
2019-01-22 00:00:00-05:00,-0.013510292095773369,0.01781310784244749,High Volatility,Train
2019-01-23 00:00:00-05:00,0.0020924369687918,0.016903400444438367,High Volatility,Train
2019-01-24 00:00:00-05:00,0.0005314387082548944,0.015293196294080368,High Volatility,Train
2019-01-25 00:00:00-05:00,0.008461353661257887,0.011189499894048934,High Volatility,Train
2019-01-28 00:00:00-05:00,-0.007600278014340933,0.01143658975343223,High Volatility,Train
2019-01-29 00:00:00-05:00,-0.0013268662346429538,0.011437346327163717,High Volatility,Train
2019-01-30 00:00:00-05:00,0.015830747747278107,0.01172616680633974,High Volatility,Train
2019-01-31 00:00:00-05:00,0.00878236558259693,0.011768938779527201,High Volatility,Train
2019-02-01 00:00:00-05:00,0.0004815727188074437,0.00985230059342133,High Volatility,Train
2019-02-04 00:00:00-05:00,0.007035560805118246,0.007276944104724096,Low Volatility,Train
2019-02-05 00:00:00-05:00,0.004191982486973611,0.007213516721182799,Low Volatility,Train
2019-02-06 00:00:00-05:00,-0.0013183991789688099,0.0071566299907493205,Low Volatility,Train
2019-02-07 00:00:00-05:00,-0.009532660307473906,0.007672939115316058,Low Volatility,Train
2019-02-08 00:00:00-05:00,0.0012211486273001615,0.007671411261348281,Low Volatility,Train
2019-02-11 00:00:00-05:00,0.0005549638743742591,0.007669381639876583,Low Volatility,Train
2019-02-12 00:00:00-05:00,0.012859196525231154,0.007756905627029125,Low Volatility,Train
2019-02-13 00:00:00-05:00,0.0032473520987437166,0.007508676574732528,Low Volatility,Train
2019-02-14 00:00:00-05:00,-0.00221872221945163,0.007591113812382249,Low Volatility,Train
2019-02-15 00:00:00-05:00,0.010897716677767288,0.007741715192373502,Low Volatility,Train
2019-02-19 00:00:00-05:00,0.0017304142613832063,0.007328423385922447,Low Volatility,Train
2019-02-20 00:00:00-05:00,0.002015462293248671,0.006341365089301239,Low Volatility,Train
2019-02-21 00:00:00-05:00,-0.003555973468107654,0.006502800270564726,Low Volatility,Train
2019-02-22 00:00:00-05:00,0.006199755145486208,0.006530701403204393,Low Volatility,Train
2019-02-25 00:00:00-05:00,0.0013616098612254657,0.006404102633669351,Low Volatility,Train
2019-02-26 00:00:00-05:00,-0.0007157297618241021,0.006002646614278694,Low Volatility,Train
2019-02-27 00:00:00-05:00,-0.00042941568262466756,0.005972767586514205,Low Volatility,Train
2019-02-28 00:00:00-05:00,-0.0018624559823258169,0.0052252417765492245,Low Volatility,Train
2019-03-01 00:00:00-05:00,0.0062435186494884665,0.005081880460625891,Low Volatility,Train
2019-03-04 00:00:00-05:00,-0.0036371143446828347,0.005224697320768366,Low Volatility,Train
2019-03-05 00:00:00-05:00,-0.0013604033494590828,0.005110706043597165,Low Volatility,Train
2019-03-06 00:00:00-05:00,-0.0060568577673076884,0.005314649223711547,Low Volatility,Train
2019-03-07 00:00:00-05:00,-0.008365421571082221,0.005682139375137234,Low Volatility,Train
2019-03-08 00:00:00-05:00,-0.0019999926812895863,0.005217699552515106,Low Volatility,Train
2019-03-11 00:00:00-04:00,0.014501256089421988,0.006051624366431833,Low Volatility,Train
2019-03-12 00:00:00-04:00,0.003771161132432699,0.006068724402426766,Low Volatility,Train
2019-03-13 00:00:00-04:00,0.006619242826875205,0.005603690333977225,Low Volatility,Train
2019-03-14 00:00:00-04:00,-0.0006399836257315883,0.005600710330513466,Low Volatility,Train
2019-03-15 00:00:00-04:00,0.004940542172300111,0.005604545535976766,Low Volatility,Train
2019-03-18 00:00:00-04:00,0.0036257050535422053,0.0051815255262881894,Low Volatility,Train
2019-03-19 00:00:00-04:00,0.0002482990492576054,0.0051829232589631555,Low Volatility,Train
2019-03-20 00:00:00-04:00,-0.003009818487216709,0.00525472153768067,Low Volatility,Train
2019-03-21 00:00:00-04:00,0.011294278472333108,0.005642601275983774,Low Volatility,Train
2019-03-22 00:00:00-04:00,-0.01924612384942037,0.007191853059983027,Low Volatility,Train
2019-03-25 00:00:00-04:00,-0.0007519573391766565,0.007190405914907218,Low Volatility,Train
2019-03-26 00:00:00-04:00,0.00745396599812298,0.00736799692689443,Low Volatility,Train
2019-03-27 00:00:00-04:00,-0.005229050422420944,0.0074794770825121985,Low Volatility,Train
2019-03-28 00:00:00-04:00,0.0037904805916937345,0.007499171360664601,Low Volatility,Train
2019-03-29 00:00:00-04:00,0.006305549929327414,0.0075016365456091185,Low Volatility,Train
2019-04-01 00:00:00-04:00,0.011858936958641264,0.007832548100028898,Low Volatility,Train
2019-04-02 00:00:00-04:00,0.0004898042410963477,0.0078092763388797086,Low Volatility,Train
2019-04-03 00:00:00-04:00,0.0015738036224206553,0.007605414807393115,Low Volatility,Train
2019-04-04 00:00:00-04:00,0.0026538661303596722,0.007214642604722392,Low Volatility,Train
2019-04-05 00:00:00-04:00,0.004839770275895994,0.007156346999534263,Low Volatility,Train
2019-04-08 00:00:00-04:00,0.0007622157550797315,0.0066077993351725765,Low Volatility,Train
2019-04-09 00:00:00-04:00,-0.005124572521057247,0.0067841323515935035,Low Volatility,Train
2019-04-10 00:00:00-04:00,0.003410848681049128,0.006697140928460366,Low Volatility,Train
2019-04-11 00:00:00-04:00,-0.0002774492762638303,0.006691639618580776,Low Volatility,Train
2019-04-12 00:00:00-04:00,0.006765748850151576,0.006753472146712621,Low Volatility,Train
2019-04-15 00:00:00-04:00,-0.0006543296077123895,0.006752772530191956,Low Volatility,Train
2019-04-16 00:00:00-04:00,0.0006547580352807003,0.006749868948755503,Low Volatility,Train
2019-04-17 00:00:00-04:00,-0.0024467713398950153,0.006731754750606475,Low Volatility,Train
2019-04-18 00:00:00-04:00,0.001969094336292887,0.006321261150466367,Low Volatility,Train
2019-04-22 00:00:00-04:00,0.0008619303515773336,0.004177137976885533,Low Volatility,Train
2019-04-23 00:00:00-04:00,0.008991926712895504,0.004407846545239366,Low Volatility,Train
2019-04-24 00:00:00-04:00,-0.0022192506454404848,0.004358287504814036,Low Volatility,Train
2019-04-25 00:00:00-04:00,-0.0006163380847424849,0.004071031589814624,Low Volatility,Train
2019-04-26 00:00:00-04:00,0.0046571934193622155,0.004093633121685229,Low Volatility,Train
2019-04-29 00:00:00-04:00,0.0015676969463420676,0.003980459571906259,Low Volatility,Train
2019-04-30 00:00:00-04:00,0.000510267176587087,0.003238738624894048,Low Volatility,Train
2019-05-01 00:00:00-04:00,-0.007516797595401026,0.003804921217613597,Low Volatility,Train
2019-05-02 00:00:00-04:00,-0.0021586014553158783,0.0038672563957798628,Low Volatility,Train
2019-05-03 00:00:00-04:00,0.009787442809672253,0.004343782039067268,Low Volatility,Train
2019-05-06 00:00:00-04:00,-0.00411503381584255,0.00440861599161555,Low Volatility,Train
2019-05-07 00:00:00-04:00,-0.016699582771408816,0.005885719838115568,Low Volatility,Train
2019-05-08 00:00:00-04:00,-0.0013888628393551317,0.005777236751853791,Low Volatility,Train
2019-05-09 00:00:00-04:00,-0.0030262241654966937,0.005759673244122855,Low Volatility,Train
2019-05-10 00:00:00-04:00,0.005023432336743294,0.005879909897542301,Low Volatility,Train
2019-05-13 00:00:00-04:00,-0.025130139379641037,0.007919356072015146,Low Volatility,Train
2019-05-14 00:00:00-04:00,0.009043472834814326,0.008269297747405409,Low Volatility,Train
2019-05-15 00:00:00-04:00,0.005857578718854173,0.008408485532698722,Low Volatility,Train
2019-05-16 00:00:00-04:00,0.00926135758419755,0.00869434632048204,High Volatility,Train
2019-05-17 00:00:00-04:00,-0.006465133564436676,0.008784261964807204,High Volatility,Train
2019-05-20 00:00:00-04:00,-0.006612242725202222,0.008873357217560314,High Volatility,Train
2019-05-21 00:00:00-04:00,0.009015872241232792,0.008874786741873067,High Volatility,Train
2019-05-22 00:00:00-04:00,-0.003071850819458599,0.008882686449828408,High Volatility,Train
2019-05-23 00:00:00-04:00,-0.012218364515908853,0.009221557280847704,High Volatility,Train
2019-05-24 00:00:00-04:00,0.0022685180447974407,0.009150300498459184,High Volatility,Train
2019-05-28 00:00:00-04:00,-0.009300837354013436,0.009261618252257752,High Volatility,Train
2019-05-29 00:00:00-04:00,-0.006710535926935934,0.009285093980693685,High Volatility,Train
2019-05-30 00:00:00-04:00,0.002731226812965115,0.009288511394313977,High Volatility,Train
2019-05-31 00:00:00-04:00,-0.013475244079760751,0.009624754454862449,High Volatility,Train
2019-06-03 00:00:00-04:00,-0.0025429707771816856,0.009162445898379086,High Volatility,Train
2019-06-04 00:00:00-04:00,0.02170678830155648,0.010737076658511674,High Volatility,Train
2019-06-05 00:00:00-04:00,0.008662201095735789,0.010413180822121563,High Volatility,Train
2019-06-06 00:00:00-04:00,0.006502435239868154,0.010539177679032985,High Volatility,Train
2019-06-07 00:00:00-04:00,0.010006938347452143,0.010770211489679889,High Volatility,Train
2019-06-10 00:00:00-04:00,0.004589103117617066,0.010760466010469462,High Volatility,Train
2019-06-11 00:00:00-04:00,-0.0002422409153486349,0.00896566573619936,High Volatility,Train
2019-06-12 00:00:00-04:00,-0.001765460090632498,0.008808259715031392,High Volatility,Train
2019-06-13 00:00:00-04:00,0.004126496102158317,0.00876548353149581,High Volatility,Train
2019-06-14 00:00:00-04:00,-0.0011049705612901084,0.008543956808775972,High Volatility,Train
2019-06-17 00:00:00-04:00,0.00038031617789169303,0.008394274057846715,Low Volatility,Train
2019-06-18 00:00:00-04:00,0.010470857599740535,0.008485355850938592,High Volatility,Train
2019-06-19 00:00:00-04:00,0.0022572765603439127,0.008302961830042633,Low Volatility,Train
2019-06-20 00:00:00-04:00,0.009554289979231578,0.008442813565915303,Low Volatility,Train
2019-06-21 00:00:00-04:00,-0.001453807571853205,0.007822814121211248,Low Volatility,Train
2019-06-24 00:00:00-04:00,-0.0012241535802296477,0.007863210049603308,Low Volatility,Train
2019-06-25 00:00:00-04:00,-0.009807994307293177,0.007902827509282359,Low Volatility,Train
2019-06-26 00:00:00-04:00,-0.000997628684742513,0.007666054697651113,Low Volatility,Train
2019-06-27 00:00:00-04:00,0.0035459214456161625,0.00766996641324435,Low Volatility,Train
2019-06-28 00:00:00-04:00,0.005145930853438285,0.006703126464027128,Low Volatility,Train
2019-07-01 00:00:00-04:00,0.009078209229328227,0.006665300299611369,Low Volatility,Train
2019-07-02 00:00:00-04:00,0.002604555474184922,0.005197077244820401,Low Volatility,Train
2019-07-03 00:00:00-04:00,0.007995303158475409,0.0051609608105044145,Low Volatility,Train
2019-07-05 00:00:00-04:00,-0.0011379744213665388,0.005169511218730244,Low Volatility,Train
2019-07-08 00:00:00-04:00,-0.005494547184556997,0.005162770256495088,Low Volatility,Train
2019-07-09 00:00:00-04:00,0.0012463431018012727,0.00512256168303171,Low Volatility,Train
2019-07-10 00:00:00-04:00,0.004777975569556059,0.005147441541725428,Low Volatility,Train
2019-07-11 00:00:00-04:00,0.002344066491847485,0.005074514176781907,Low Volatility,Train
2019-07-12 00:00:00-04:00,0.004477177427988144,0.005082428856306373,Low Volatility,Train
2019-07-15 00:00:00-04:00,0.0003324338395389592,0.005044252942481766,Low Volatility,Train
2019-07-16 00:00:00-04:00,-0.003224896493128737,0.005175589108290063,Low Volatility,Train
2019-07-17 00:00:00-04:00,-0.0068050734756487374,0.005133194902574702,Low Volatility,Train
2019-07-18 00:00:00-04:00,0.0036608392707881965,0.005158508088220351,Low Volatility,Train
2019-07-19 00:00:00-04:00,-0.005554589744306115,0.004978598884479899,Low Volatility,Train
2019-07-22 00:00:00-04:00,0.0024561967814551444,0.004975623537672168,Low Volatility,Train
2019-07-23 00:00:00-04:00,0.007150051346531683,0.005156812007472151,Low Volatility,Train
2019-07-24 00:00:00-04:00,0.004699176863913079,0.0045248416050101955,Low Volatility,Train
2019-07-25 00:00:00-04:00,-0.004777103987789744,0.004723068653772992,Low Volatility,Train
2019-07-26 00:00:00-04:00,0.006700151085483386,0.004841724500907655,Low Volatility,Train
2019-07-29 00:00:00-04:00,-0.001821215974189383,0.004837722113632387,Low Volatility,Train
2019-07-30 00:00:00-04:00,-0.0024547688599777517,0.004558028708618062,Low Volatility,Train
2019-07-31 00:00:00-04:00,-0.010940340822239047,0.0052401946854286965,Low Volatility,Train
2019-08-01 00:00:00-04:00,-0.008707648582599314,0.005260297418875361,Low Volatility,Train
2019-08-02 00:00:00-04:00,-0.007529768626097777,0.005480813699507875,Low Volatility,Train
2019-08-05 00:00:00-04:00,-0.030073484881824597,0.008481934543135991,High Volatility,Train
2019-08-06 00:00:00-04:00,0.014023466286089414,0.009205658226344218,High Volatility,Train
2019-08-07 00:00:00-04:00,0.0005908519072150842,0.00910086794764845,High Volatility,Train
2019-08-08 00:00:00-04:00,0.019619817473419454,0.0102583994827432,High Volatility,Train
2019-08-09 00:00:00-04:00,-0.0068114321919398035,0.010257007968203695,High Volatility,Train
2019-08-12 00:00:00-04:00,-0.012173380087396102,0.010518974416075013,High Volatility,Train
2019-08-13 00:00:00-04:00,0.015551440064617061,0.011227216992862853,High Volatility,Train
2019-08-14 00:00:00-04:00,-0.029567363738097874,0.012864005762626394,High Volatility,Train
2019-08-15 00:00:00-04:00,0.002641486251818259,0.012841153286852525,High Volatility,Train
2019-08-16 00:00:00-04:00,0.014755584581360504,0.01336663532262933,High Volatility,Train
2019-08-19 00:00:00-04:00,0.01204754425255361,0.013678182894442541,High Volatility,Train
2019-08-20 00:00:00-04:00,-0.007662639001171034,0.013622905502143684,High Volatility,Train
2019-08-21 00:00:00-04:00,0.008135320693381631,0.013727720883201205,High Volatility,Train
2019-08-22 00:00:00-04:00,-0.0003076604090173074,0.01370660300466533,High Volatility,Train
2019-08-23 00:00:00-04:00,-0.025687260939207923,0.014607796006723095,High Volatility,Train
2019-08-26 00:00:00-04:00,0.011058377959802579,0.014934325033095348,High Volatility,Train
2019-08-27 00:00:00-04:00,-0.003923719319279928,0.014939386786329882,High Volatility,Train
2019-08-28 00:00:00-04:00,0.007041454482215714,0.014929821192440967,High Volatility,Train
2019-08-29 00:00:00-04:00,0.012772795174768703,0.01514368802743401,High Volatility,Train
2019-08-30 00:00:00-04:00,-0.0004441881361449962,0.015047608877099744,High Volatility,Train
2019-09-03 00:00:00-04:00,-0.0058470502451517525,0.013374687132373268,High Volatility,Train
2019-09-04 00:00:00-04:00,0.011350290857524481,0.013253554540345472,High Volatility,Train
2019-09-05 00:00:00-04:00,0.01285577150434647,0.013507301025421078,High Volatility,Train
2019-09-06 00:00:00-04:00,0.0007718517985531026,0.012837289935695311,High Volatility,Train
2019-09-09 00:00:00-04:00,0.0005033976791768424,0.012711775273637142,High Volatility,Train
2019-09-10 00:00:00-04:00,-0.00023474026743164345,0.01232548229222911,High Volatility,Train
2019-09-11 00:00:00-04:00,0.007111205034303181,0.011968858491785852,High Volatility,Train
2019-09-12 00:00:00-04:00,0.003463628411929598,0.009499656394128838,High Volatility,Train
2019-09-13 00:00:00-04:00,-0.000663791917780876,0.009535273150274375,High Volatility,Train
2019-09-16 00:00:00-04:00,-0.003088789305727979,0.009191769918446058,High Volatility,Train
2019-09-17 00:00:00-04:00,0.002532062925243217,0.008883381369966097,High Volatility,Train
2019-09-18 00:00:00-04:00,0.0005981135330683784,0.008623835063510733,High Volatility,Train
2019-09-19 00:00:00-04:00,-6.645475233990616e-05,0.008505917300860087,High Volatility,Train
2019-09-20 00:00:00-04:00,-0.004724775405616999,0.008611730616279343,High Volatility,Train
2019-09-23 00:00:00-04:00,-0.0002348392749624839,0.00585936522049379,Low Volatility,Train
2019-09-24 00:00:00-04:00,-0.007846737810422777,0.00593748261012083,Low Volatility,Train
2019-09-25 00:00:00-04:00,0.005914937970249223,0.0058631806693085166,Low Volatility,Train
2019-09-26 00:00:00-04:00,-0.0020833093112361256,0.005812258767906394,Low Volatility,Train
2019-09-27 00:00:00-04:00,-0.005387198979382002,0.005382848623696747,Low Volatility,Train
2019-09-30 00:00:00-04:00,0.004637565878139238,0.0054443914301759615,Low Volatility,Train
2019-10-01 00:00:00-04:00,-0.011894786784124478,0.005984567100205522,Low Volatility,Train
2019-10-02 00:00:00-04:00,-0.01766428777785345,0.006730918688791314,Low Volatility,Train
2019-10-03 00:00:00-04:00,0.008192481203007418,0.006300918839460731,Low Volatility,Train
2019-10-04 00:00:00-04:00,0.01353229337566253,0.0070875966606463005,Low Volatility,Train
2019-10-07 00:00:00-04:00,-0.004314634564237085,0.00713804192937574,Low Volatility,Train
2019-10-08 00:00:00-04:00,-0.015524938868092253,0.007876255305766057,Low Volatility,Train
2019-10-09 00:00:00-04:00,0.00949632700789027,0.008028112163165877,Low Volatility,Train
2019-10-10 00:00:00-04:00,0.0067634399299272285,0.008162995947877645,Low Volatility,Train
2019-10-11 00:00:00-04:00,0.010367338340771415,0.00855659287555264,High Volatility,Train
2019-10-14 00:00:00-04:00,-0.0011138750747484716,0.008537001786562427,High Volatility,Train
2019-10-15 00:00:00-04:00,0.00990020332216024,0.008826143703705802,High Volatility,Train
2019-10-16 00:00:00-04:00,-0.0016061289556751346,0.00883108776218767,High Volatility,Train
2019-10-17 00:00:00-04:00,0.00294908121958648,0.008858878975673164,High Volatility,Train
2019-10-18 00:00:00-04:00,-0.004377113953467182,0.008849522414624379,High Volatility,Train
2019-10-21 00:00:00-04:00,0.0067789219191540795,0.008978372305813605,High Volatility,Train
2019-10-22 00:00:00-04:00,-0.003266206543852568,0.008815602316374528,High Volatility,Train
2019-10-23 00:00:00-04:00,0.002909307928798066,0.00874493635575778,High Volatility,Train
2019-10-24 00:00:00-04:00,0.001634094538287334,0.008728537784432354,High Volatility,Train
2019-10-25 00:00:00-04:00,0.004094757048746178,0.008643282144545532,High Volatility,Train
2019-10-28 00:00:00-04:00,0.005636682780558289,0.008667810918736026,High Volatility,Train
2019-10-29 00:00:00-04:00,-0.0002967328109061418,0.008121695698564135,Low Volatility,Train
2019-10-30 00:00:00-04:00,0.003067186156850754,0.0067218890608048915,Low Volatility,Train
2019-10-31 00:00:00-04:00,-0.00266299815339055,0.006696767609916768,Low Volatility,Train
2019-11-01 00:00:00-04:00,0.009263578866200328,0.0063769128164219285,Low Volatility,Train
2019-11-04 00:00:00-05:00,0.004018020814009482,0.006213791408816094,Low Volatility,Train
2019-11-05 00:00:00-05:00,-0.0011060860785631066,0.004668834466697533,Low Volatility,Train
2019-11-06 00:00:00-05:00,0.00022803700138696037,0.004458104911715566,Low Volatility,Train
2019-11-07 00:00:00-05:00,0.0035167318101976264,0.004358790268026014,Low Volatility,Train
2019-11-08 00:00:00-05:00,0.0024658584985655096,0.003946450542421591,Low Volatility,Train
2019-11-11 00:00:00-05:00,-0.0019096148317230277,0.0039844036418191725,Low Volatility,Train
2019-11-12 00:00:00-05:00,0.0021078140676240587,0.0035330074487371797,Low Volatility,Train
2019-11-13 00:00:00-05:00,0.00032359700500728117,0.0034644476913321784,Low Volatility,Train
2019-11-14 00:00:00-05:00,0.0014559331507248974,0.0034537450611289563,Low Volatility,Train
2019-11-15 00:00:00-05:00,0.007236258548481089,0.0033541127423742916,Low Volatility,Train
2019-11-18 00:00:00-05:00,0.0007375483547384931,0.003195407671810775,Low Volatility,Train
2019-11-19 00:00:00-05:00,-0.0002884400557945366,0.0030019756700257177,Low Volatility,Train
2019-11-20 00:00:00-05:00,-0.003718444856298686,0.0032647582074516513,Low Volatility,Train
2019-11-21 00:00:00-05:00,-0.0016093106823802383,0.0033523010655616046,Low Volatility,Train
2019-11-22 00:00:00-05:00,0.0022241357604400047,0.003305626168967016,Low Volatility,Train
2019-11-25 00:00:00-05:00,0.0077498344607314085,0.0034731707271739728,Low Volatility,Train
2019-11-26 00:00:00-05:00,0.002265907735200301,0.003445111779710774,Low Volatility,Train
2019-11-27 00:00:00-05:00,0.004457404635953566,0.0034864754812091486,Low Volatility,Train
2019-11-29 00:00:00-05:00,-0.0037083826746340254,0.0035644664964849344,Low Volatility,Train
2019-12-02 00:00:00-05:00,-0.008494672124260028,0.0038071690385951596,Low Volatility,Train
2019-12-03 00:00:00-05:00,-0.006706659902644296,0.004089351573013247,Low Volatility,Train
2019-12-04 00:00:00-05:00,0.006170242389337055,0.004271542409137801,Low Volatility,Train
2019-12-05 00:00:00-05:00,0.0017978086890881873,0.004276345959286664,Low Volatility,Train
2019-12-06 00:00:00-05:00,0.009134438297765834,0.0046335080548298374,Low Volatility,Train
2019-12-09 00:00:00-05:00,-0.003144761948113306,0.0047146122136619145,Low Volatility,Train
2019-12-10 00:00:00-05:00,-0.0011146595470231668,0.0046938352567098066,Low Volatility,Train
2019-12-11 00:00:00-05:00,0.0028384230038995817,0.004707015082097945,Low Volatility,Train
2019-12-12 00:00:00-05:00,0.008619252467374716,0.0050110626809542844,Low Volatility,Train
2019-12-13 00:00:00-05:00,0.000598987386679406,0.005013278210790885,Low Volatility,Train
2019-12-16 00:00:00-05:00,0.0068703418333817545,0.00499090809925735,Low Volatility,Train
2019-12-17 00:00:00-05:00,0.00021871556572450324,0.004994970818563946,Low Volatility,Train
2019-12-18 00:00:00-05:00,6.274721851373677e-05,0.004990048174650817,Low Volatility,Train
2019-12-19 00:00:00-05:00,0.0040986311753048454,0.004887507919128918,Low Volatility,Train
2019-12-20 00:00:00-05:00,0.00438458630243499,0.0048630074704270315,Low Volatility,Train
2019-12-23 00:00:00-05:00,0.0015279059702635323,0.004863178436502367,Low Volatility,Train
2019-12-24 00:00:00-05:00,3.105973631534198e-05,0.0046756050773353935,Low Volatility,Train
2019-12-26 00:00:00-05:00,0.005323452613955171,0.004751495380279329,Low Volatility,Train
2019-12-27 00:00:00-05:00,-0.0002478801632629368,0.004721475950329835,Low Volatility,Train
2019-12-30 00:00:00-05:00,-0.0055132013100359645,0.004840264928270878,Low Volatility,Train
2019-12-31 00:00:00-05:00,0.002429033788855728,0.004255096701132439,Low Volatility,Train
2020-01-02 00:00:00-05:00,0.009351925744638168,0.004062485007978498,Low Volatility,Train
2020-01-03 00:00:00-05:00,-0.007572062382457889,0.004570088197706424,Low Volatility,Train
2020-01-06 00:00:00-05:00,0.0038147622243005497,0.004587965153330348,Low Volatility,Train
2020-01-07 00:00:00-05:00,-0.0028116127395777513,0.004395571122811432,Low Volatility,Train
2020-01-08 00:00:00-05:00,0.005329521246660196,0.004333463471257315,Low Volatility,Train
2020-01-09 00:00:00-05:00,0.006780698860548329,0.004402307941354841,Low Volatility,Train
2020-01-10 00:00:00-05:00,-0.002877846790890315,0.004549087442448174,Low Volatility,Train
2020-01-13 00:00:00-05:00,0.006877303664420964,0.004431256172553354,Low Volatility,Train
2020-01-14 00:00:00-05:00,-0.0015244867299315512,0.004489973546673993,Low Volatility,Train
2020-01-15 00:00:00-05:00,0.002259701579521378,0.004333059504526553,Low Volatility,Train
2020-01-16 00:00:00-05:00,0.008318714756784917,0.00456953053361347,Low Volatility,Train
2020-01-17 00:00:00-05:00,0.0031124606579366887,0.004552258314374336,Low Volatility,Train
2020-01-21 00:00:00-05:00,-0.0019584655627058467,0.004617142510377703,Low Volatility,Train
2020-01-22 00:00:00-05:00,0.00012096423349361451,0.00459240662679701,Low Volatility,Train
2020-01-23 00:00:00-05:00,0.0011468487828851792,0.0045936803146178935,Low Volatility,Train
2020-01-24 00:00:00-05:00,-0.008892884299751103,0.005155181942606651,Low Volatility,Train
2020-01-27 00:00:00-05:00,-0.01602955542523088,0.006328137089522613,Low Volatility,Train
2020-01-28 00:00:00-05:00,0.010479260366401455,0.006737925981905646,Low Volatility,Train
2020-01-29 00:00:00-05:00,-0.0008262177417124317,0.006592513884903856,Low Volatility,Train
2020-01-30 00:00:00-05:00,0.0032453837514323514,0.006605148043505152,Low Volatility,Train
2020-01-31 00:00:00-05:00,-0.01815800454545269,0.007552663486770426,Low Volatility,Train
2020-02-03 00:00:00-05:00,0.007428890453289316,0.007553882905153925,Low Volatility,Train
2020-02-04 00:00:00-05:00,0.015241347153620133,0.008235711041008918,Low Volatility,Train
2020-02-05 00:00:00-05:00,0.011547846251739546,0.008519520449714475,High Volatility,Train
2020-02-06 00:00:00-05:00,0.003364887747389078,0.008485282896330078,High Volatility,Train
2020-02-07 00:00:00-05:00,-0.005329536579426919,0.008519355127354954,High Volatility,Train
2020-02-10 00:00:00-05:00,0.007465148965358548,0.008593014114098015,High Volatility,Train
2020-02-11 00:00:00-05:00,0.0017328158427505347,0.008496710730892355,High Volatility,Train
2020-02-12 00:00:00-05:00,0.006442929374836703,0.008551943705035162,High Volatility,Train
2020-02-13 00:00:00-05:00,-0.0010669472963954485,0.00856945266161221,High Volatility,Train
2020-02-14 00:00:00-05:00,0.0016020806686205535,0.008412956630926295,Low Volatility,Train
2020-02-18 00:00:00-05:00,-0.002576742457254144,0.008435114396266435,Low Volatility,Train
2020-02-19 00:00:00-05:00,0.004780625828284979,0.008455844377547551,High Volatility,Train
2020-02-20 00:00:00-05:00,-0.004107755962168502,0.00853375378202598,High Volatility,Train
2020-02-21 00:00:00-05:00,-0.010298831040448264,0.008890839678853617,High Volatility,Train
2020-02-24 00:00:00-05:00,-0.03316507370691257,0.011489004463248582,High Volatility,Train
2020-02-25 00:00:00-05:00,-0.030302105188284245,0.012841170792424311,High Volatility,Train
2020-02-26 00:00:00-05:00,-0.0036782382663995694,0.012525129711982457,High Volatility,Train
2020-02-27 00:00:00-05:00,-0.044911543730933756,0.01571823587681376,High Volatility,Train
2020-02-28 00:00:00-05:00,-0.0042014452026214455,0.01561201979170369,High Volatility,Train
2020-03-02 00:00:00-05:00,0.0433065469319156,0.018625584683608594,High Volatility,Train
2020-03-03 00:00:00-05:00,-0.028632572322594196,0.01941040678206126,High Volatility,Train
2020-03-04 00:00:00-05:00,0.04203297386451421,0.021584721260188337,High Volatility,Train
2020-03-05 00:00:00-05:00,-0.033241798489006213,0.022381210117410233,High Volatility,Train
2020-03-06 00:00:00-05:00,-0.016531076338078154,0.02245344848643359,High Volatility,Train
2020-03-09 00:00:00-04:00,-0.0780946371714265,0.02770070484709727,High Volatility,Train
2020-03-10 00:00:00-04:00,0.05174521477110594,0.03070689366203547,High Volatility,Train
2020-03-11 00:00:00-04:00,-0.04874887431074382,0.03200234508219288,High Volatility,Train
2020-03-12 00:00:00-04:00,-0.09567688587493184,0.03707269503424964,High Volatility,Train
2020-03-13 00:00:00-04:00,0.08548629150401088,0.043268344297646213,High Volatility,Train
2020-03-16 00:00:00-04:00,-0.10942353829061802,0.04847519874861992,High Volatility,Train
2020-03-17 00:00:00-04:00,0.05399189642770841,0.050878835081514195,High Volatility,Train
2020-03-18 00:00:00-04:00,-0.05063291977445039,0.05136701703201471,High Volatility,Train
2020-03-19 00:00:00-04:00,0.0021249972100083614,0.05146021572258559,High Volatility,Train
2020-03-20 00:00:00-04:00,-0.043094149223389056,0.05180900991658623,High Volatility,Train
2020-03-23 00:00:00-04:00,-0.0255683731645151,0.05171265227899634,High Volatility,Train
2020-03-24 00:00:00-04:00,0.09060322303471602,0.0568508837060502,High Volatility,Train
2020-03-25 00:00:00-04:00,0.014970286523251497,0.05712364800374444,High Volatility,Train
2020-03-26 00:00:00-04:00,0.05838974093525606,0.05842991393587207,High Volatility,Train
2020-03-27 00:00:00-04:00,-0.02978558398607778,0.05870108430157664,High Volatility,Train
2020-03-30 00:00:00-04:00,0.032475718190076996,0.058272227290811815,High Volatility,Train
2020-03-31 00:00:00-04:00,-0.014905245664676436,0.05807685093573216,High Volatility,Train
2020-04-01 00:00:00-04:00,-0.04500491998884282,0.057571087626067316,High Volatility,Train
2020-04-02 00:00:00-04:00,0.023075272883954723,0.057753819226970995,High Volatility,Train
2020-04-03 00:00:00-04:00,-0.014454161160440737,0.05773808038993842,High Volatility,Train
2020-04-06 00:00:00-04:00,0.06716594502216156,0.05747669686514511,High Volatility,Train
2020-04-07 00:00:00-04:00,0.0010199142786930793,0.05618415730234401,High Volatility,Train
2020-04-08 00:00:00-04:00,0.033568583093841475,0.05562239829816267,High Volatility,Train
2020-04-09 00:00:00-04:00,0.015217095307287876,0.05071340355490591,High Volatility,Train
2020-04-13 00:00:00-04:00,-0.00913005786086829,0.047332527628904976,High Volatility,Train
2020-04-14 00:00:00-04:00,0.02949258477466965,0.03960026934594613,High Volatility,Train
2020-04-15 00:00:00-04:00,-0.021248266534307114,0.03871264282409908,High Volatility,Train
2020-04-16 00:00:00-04:00,0.004824266110060815,0.036380119362768304,High Volatility,Train
2020-04-17 00:00:00-04:00,0.027015707430656732,0.036576248368996936,High Volatility,Train
2020-04-20 00:00:00-04:00,-0.017617949304793323,0.03505155183799796,High Volatility,Train
2020-04-21 00:00:00-04:00,-0.03036314260638817,0.035330155867296174,High Volatility,Train
2020-04-22 00:00:00-04:00,0.022194123765473472,0.030121449577174792,High Volatility,Train
2020-04-23 00:00:00-04:00,-7.149362952407756e-05,0.030108819533314898,High Volatility,Train
2020-04-24 00:00:00-04:00,0.013938616988935726,0.027622008338955423,High Volatility,Train
2020-04-27 00:00:00-04:00,0.014418638297221564,0.02649048600346886,High Volatility,Train
2020-04-28 00:00:00-04:00,-0.004598330491915936,0.02587302533012192,High Volatility,Train
2020-04-29 00:00:00-04:00,0.026178511187527453,0.025863218595407578,High Volatility,Train
2020-04-30 00:00:00-04:00,-0.009310851463528724,0.023195592761575935,High Volatility,Train
2020-05-01 00:00:00-04:00,-0.026473459223039897,0.02418910266150839,High Volatility,Train
2020-05-04 00:00:00-04:00,0.002758282852107996,0.023721435436789996,High Volatility,Train
2020-05-05 00:00:00-04:00,0.009239097837555388,0.019060574019722727,High Volatility,Train
2020-05-06 00:00:00-04:00,-0.006778604846007563,0.019205099414945644,High Volatility,Train
2020-05-07 00:00:00-04:00,0.012066966023316805,0.0180073574147297,High Volatility,Train
2020-05-08 00:00:00-04:00,0.016546291887964415,0.018058801797371717,High Volatility,Train
2020-05-11 00:00:00-04:00,0.00020509535625179431,0.017857714115960287,High Volatility,Train
2020-05-12 00:00:00-04:00,-0.01993147669441786,0.017430857497234508,High Volatility,Train
2020-05-13 00:00:00-04:00,-0.01768634644103051,0.017212169914143115,High Volatility,Train
2020-05-14 00:00:00-04:00,0.011967770596277516,0.017372837631450363,High Volatility,Train
2020-05-15 00:00:00-04:00,0.004596736686037328,0.016309139391278295,High Volatility,Train
2020-05-18 00:00:00-04:00,0.030459656122334478,0.01709024286420837,High Volatility,Train
2020-05-19 00:00:00-04:00,-0.010270822699318116,0.01558283148838876,High Volatility,Train
2020-05-20 00:00:00-04:00,0.016987844442516664,0.015294438869929792,High Volatility,Train
2020-05-21 00:00:00-04:00,-0.006904004066783598,0.015447188204181438,High Volatility,Train
2020-05-22 00:00:00-04:00,0.0018990990877101321,0.015226170829874803,High Volatility,Train
2020-05-26 00:00:00-04:00,0.01232046410386145,0.01514506226541721,High Volatility,Train
2020-05-27 00:00:00-04:00,0.014878947530668096,0.015312660062579928,High Volatility,Train
2020-05-28 00:00:00-04:00,-0.0018448691386421245,0.01434489029219062,High Volatility,Train
2020-05-29 00:00:00-04:00,0.004455798074423756,0.014115355590287397,High Volatility,Train
2020-06-01 00:00:00-04:00,0.004041963535049042,0.012368421303836823,High Volatility,Train
2020-06-02 00:00:00-04:00,0.008280031986799274,0.012401993070317042,High Volatility,Train
2020-06-03 00:00:00-04:00,0.013308271521496051,0.01252135835306684,High Volatility,Train
2020-06-04 00:00:00-04:00,-0.0026267614718905596,0.012359116702416028,High Volatility,Train
2020-06-05 00:00:00-04:00,0.02562954903543102,0.013135886225638322,High Volatility,Train
2020-06-08 00:00:00-04:00,0.012087534461699079,0.01297206678040413,High Volatility,Train
2020-06-09 00:00:00-04:00,-0.0074568096063579725,0.0132344893459224,High Volatility,Train
2020-06-10 00:00:00-04:00,-0.00558004737748663,0.012174774686877075,High Volatility,Train
2020-06-11 00:00:00-04:00,-0.05764904507252666,0.01803622591462991,High Volatility,Train
2020-06-12 00:00:00-04:00,0.011975709770622345,0.018036423819951564,High Volatility,Train
2020-06-15 00:00:00-04:00,0.009335678394708946,0.018083631854955904,High Volatility,Train
2020-06-16 00:00:00-04:00,0.019247810945376198,0.01736898901935935,High Volatility,Train
2020-06-17 00:00:00-04:00,-0.004153716436107846,0.01717380072582379,High Volatility,Train
2020-06-18 00:00:00-04:00,0.0003850011662172026,0.016881810158116413,High Volatility,Train
2020-06-19 00:00:00-04:00,-0.005714933566686287,0.016848707628185158,High Volatility,Train
2020-06-22 00:00:00-04:00,0.0064150797536526305,0.016868490914481647,High Volatility,Train
2020-06-23 00:00:00-04:00,0.0046037586249128015,0.016728546902318904,High Volatility,Train
2020-06-24 00:00:00-04:00,-0.02550851524560771,0.017569686243130093,High Volatility,Train
2020-06-25 00:00:00-04:00,0.010720242779885591,0.017706986593924848,High Volatility,Train
2020-06-26 00:00:00-04:00,-0.023751473220143593,0.018529050038146453,High Volatility,Train
2020-06-29 00:00:00-04:00,0.014697615385651952,0.01881212442294321,High Volatility,Train
2020-06-30 00:00:00-04:00,0.012809738753818856,0.018941191805939745,High Volatility,Train
2020-07-01 00:00:00-04:00,0.00700466221633822,0.01876742115838661,High Volatility,Train
2020-07-02 00:00:00-04:00,0.005507229085255805,0.018792800237373484,High Volatility,Train
2020-07-06 00:00:00-04:00,0.015437248249206892,0.018205359506753338,High Volatility,Train
2020-07-07 00:00:00-04:00,-0.010314225313160286,0.018112767623053257,High Volatility,Train
2020-07-08 00:00:00-04:00,0.007648816611634857,0.01814862877915828,High Volatility,Train
2020-07-09 00:00:00-04:00,-0.00569267419960362,0.018150356319731442,High Volatility,Train
2020-07-10 00:00:00-04:00,0.010210295360073118,0.012263211610643024,High Volatility,Train
2020-07-13 00:00:00-04:00,-0.00865881539800828,0.012339917534056256,High Volatility,Train
2020-07-14 00:00:00-04:00,0.01295904807765691,0.01247892314789078,High Volatility,Train
2020-07-15 00:00:00-04:00,0.009187027789992808,0.011946653269141714,High Volatility,Train
2020-07-16 00:00:00-04:00,-0.003293448902120244,0.011926038384495298,High Volatility,Train
2020-07-17 00:00:00-04:00,0.0028987666115307675,0.01192433489588452,High Volatility,Train
2020-07-20 00:00:00-04:00,0.008082188747150054,0.011862082790893185,High Volatility,Train
2020-07-21 00:00:00-04:00,0.0021273443447074047,0.011827211413043997,High Volatility,Train
2020-07-22 00:00:00-04:00,0.005692177652796282,0.011840702657792496,High Volatility,Train
2020-07-23 00:00:00-04:00,-0.011931873654952185,0.010466651544183456,High Volatility,Train
2020-07-24 00:00:00-04:00,-0.006440513340762899,0.010509547079866314,High Volatility,Train
2020-07-27 00:00:00-04:00,0.007292648516648459,0.008590919747713624,High Volatility,Train
2020-07-28 00:00:00-04:00,-0.006342238508768139,0.00846855823068578,High Volatility,Train
2020-07-29 00:00:00-04:00,0.01229834228833182,0.008437169491286733,Low Volatility,Train
2020-07-30 00:00:00-04:00,-0.003567632899727613,0.008483260361776624,High Volatility,Train
2020-07-31 00:00:00-04:00,0.007902017034600695,0.008549707611556696,High Volatility,Train
2020-08-03 00:00:00-04:00,0.006952132979676229,0.00805859714803878,Low Volatility,Train
2020-08-04 00:00:00-04:00,0.0038624289136497403,0.007539014612483331,Low Volatility,Train
2020-08-05 00:00:00-04:00,0.00621120881022974,0.007494657793853926,Low Volatility,Train
2020-08-06 00:00:00-04:00,0.006684446356696849,0.007291918416071443,Low Volatility,Train
2020-08-07 00:00:00-04:00,0.000718214142593876,0.00711188851533601,Low Volatility,Train
2020-08-10 00:00:00-04:00,0.0029884632363654795,0.006596926763463936,Low Volatility,Train
2020-08-11 00:00:00-04:00,-0.008254618578041772,0.006652792315736442,Low Volatility,Train
2020-08-12 00:00:00-04:00,0.013942706085648737,0.0069936764573443,Low Volatility,Train
2020-08-13 00:00:00-04:00,-0.0018080550813065477,0.006937795311801868,Low Volatility,Train
2020-08-14 00:00:00-04:00,2.9908442779502664e-05,0.006957992039482197,Low Volatility,Train
2020-08-17 00:00:00-04:00,0.003176496444838639,0.006829526316778763,Low Volatility,Train
2020-08-18 00:00:00-04:00,0.0021605488545295426,0.00682954331713284,Low Volatility,Train
2020-08-19 00:00:00-04:00,-0.004164115449129646,0.006910181983453881,Low Volatility,Train
2020-08-20 00:00:00-04:00,0.003113863966359931,0.00613685461375813,Low Volatility,Train
2020-08-21 00:00:00-04:00,0.0035476687559854447,0.0057809818086128496,Low Volatility,Train
2020-08-24 00:00:00-04:00,0.010132730046590765,0.005929167747722276,Low Volatility,Train
2020-08-25 00:00:00-04:00,0.0034994728516166695,0.005508288346223001,Low Volatility,Train
2020-08-26 00:00:00-04:00,0.010025477779383785,0.005337385011149168,Low Volatility,Train
2020-08-27 00:00:00-04:00,0.002186500180055173,0.005093970811673687,Low Volatility,Train
2020-08-28 00:00:00-04:00,0.006459472891485962,0.005040459107199384,Low Volatility,Train
2020-08-31 00:00:00-04:00,-0.0036224575543027937,0.005218835017384968,Low Volatility,Train
2020-09-01 00:00:00-04:00,0.00941868761656317,0.005409085917161051,Low Volatility,Train
2020-09-02 00:00:00-04:00,0.014463770134529819,0.0059306820920253,Low Volatility,Train
2020-09-03 00:00:00-04:00,-0.034414324292099674,0.010337717626206812,High Volatility,Train
2020-09-04 00:00:00-04:00,-0.008164513762601633,0.01056943047241354,High Volatility,Train
2020-09-08 00:00:00-04:00,-0.0273232490807801,0.01233129717568575,High Volatility,Train
2020-09-09 00:00:00-04:00,0.019747662731620874,0.012952233169972885,High Volatility,Train
2020-09-10 00:00:00-04:00,-0.01736371891493771,0.013210230946702591,High Volatility,Train
2020-09-11 00:00:00-04:00,0.0005090497007782524,0.013207807203464957,High Volatility,Train
2020-09-14 00:00:00-04:00,0.013171518910368496,0.013549089608251203,High Volatility,Train
2020-09-15 00:00:00-04:00,0.0050522125275798135,0.013576308679530467,High Volatility,Train
2020-09-16 00:00:00-04:00,-0.003968672242947169,0.013604143678574269,High Volatility,Train
2020-09-17 00:00:00-04:00,-0.008795228906673946,0.013719739961645333,High Volatility,Train
2020-09-18 00:00:00-04:00,-0.011512577703781779,0.013926765951149375,High Volatility,Train
2020-09-21 00:00:00-04:00,-0.011129581554126577,0.014068952819659693,High Volatility,Train
2020-09-22 00:00:00-04:00,0.010184010943324662,0.014071204554427563,High Volatility,Train
2020-09-23 00:00:00-04:00,-0.023190705011462254,0.014810457109739522,High Volatility,Train
2020-09-24 00:00:00-04:00,0.00266564366184574,0.014561389014063094,High Volatility,Train
2020-09-25 00:00:00-04:00,0.016166519507545107,0.015160885349000395,High Volatility,Train
2020-09-28 00:00:00-04:00,0.01660964816675481,0.015641750556335612,High Volatility,Train
2020-09-29 00:00:00-04:00,-0.005446190486396163,0.015656556593654176,High Volatility,Train
2020-09-30 00:00:00-04:00,0.007581989760391261,0.015590275579568127,High Volatility,Train
2020-10-01 00:00:00-04:00,0.006420095826385808,0.015235927936673449,High Volatility,Train
2020-10-02 00:00:00-04:00,-0.009494187186367853,0.013412201565017663,High Volatility,Train
2020-10-05 00:00:00-04:00,0.0177327364187716,0.013964902008370476,High Volatility,Train
2020-10-06 00:00:00-04:00,-0.014215916471776113,0.012886992654323193,High Volatility,Train
2020-10-07 00:00:00-04:00,0.01740659107612741,0.012712763686081326,High Volatility,Train
2020-10-08 00:00:00-04:00,0.00886226426662784,0.012120747475586446,High Volatility,Train
2020-10-09 00:00:00-04:00,0.008930349323889475,0.012221935626927029,High Volatility,Train
2020-10-12 00:00:00-04:00,0.01608783873735664,0.012376747769331679,High Volatility,Train
2020-10-13 00:00:00-04:00,-0.006526135541403133,0.012511164192165613,High Volatility,Train
2020-10-14 00:00:00-04:00,-0.006283560762360585,0.012577080498300598,High Volatility,Train
2020-10-15 00:00:00-04:00,-0.0012358957711456897,0.012359867030424382,High Volatility,Train
2020-10-16 00:00:00-04:00,-0.0006043702723912414,0.01196755636615148,High Volatility,Train
2020-10-19 00:00:00-04:00,-0.015203454188296495,0.012243698668881635,High Volatility,Train
2020-10-20 00:00:00-04:00,0.004006087253006996,0.012112142828635875,High Volatility,Train
2020-10-21 00:00:00-04:00,-0.0018929221073078484,0.010624464983866337,High Volatility,Train
2020-10-22 00:00:00-04:00,0.005485179364508097,0.010637398877417877,High Volatility,Train
2020-10-23 00:00:00-04:00,0.0033951564426943914,0.010193333066774267,High Volatility,Train
2020-10-26 00:00:00-04:00,-0.01847978523518634,0.010660676761322756,High Volatility,Train
2020-10-27 00:00:00-04:00,-0.0034475696141620382,0.01060802247898612,High Volatility,Train
2020-10-28 00:00:00-04:00,-0.034178849233875264,0.013056438802515316,High Volatility,Train
2020-10-29 00:00:00-04:00,0.010163464997191118,0.013196924008262534,High Volatility,Train
2020-10-30 00:00:00-04:00,-0.010424898927302584,0.013230146285579359,High Volatility,Train
2020-11-02 00:00:00-05:00,0.011208411686149944,0.012817389044096569,High Volatility,Train
2020-11-03 00:00:00-05:00,0.017655933944358493,0.013111186598418402,High Volatility,Train
2020-11-04 00:00:00-05:00,0.022349116793809465,0.013492687353900978,High Volatility,Train
2020-11-05 00:00:00-05:00,0.01950301955057765,0.014038795560722944,High Volatility,Train
2020-11-06 00:00:00-05:00,-0.00022852929571226532,0.013916209571395296,High Volatility,Train
2020-11-09 00:00:00-05:00,0.012565668882352332,0.013730509871274414,High Volatility,Train
2020-11-10 00:00:00-05:00,-0.0014665505639712695,0.013642680349071288,High Volatility,Train
2020-11-11 00:00:00-05:00,0.0074288255398333725,0.013620737568101617,High Volatility,Train
2020-11-12 00:00:00-05:00,-0.00970142451355227,0.013834527616468044,High Volatility,Train
2020-11-13 00:00:00-05:00,0.013845220818759607,0.01412570173158148,High Volatility,Train
2020-11-16 00:00:00-05:00,0.012482082077358125,0.013740644953582936,High Volatility,Train
2020-11-17 00:00:00-05:00,-0.005378385011564957,0.013864635100503496,High Volatility,Train
2020-11-18 00:00:00-05:00,-0.012034617097214206,0.014216455130734327,High Volatility,Train
2020-11-19 00:00:00-05:00,0.004210174474054806,0.014203031524427338,High Volatility,Train
2020-11-20 00:00:00-05:00,-0.0068479293800709495,0.014333146776657037,High Volatility,Train
2020-11-23 00:00:00-05:00,0.0059944026975695675,0.013565246020556022,High Volatility,Train
2020-11-24 00:00:00-05:00,0.016113645001198496,0.01380292663594971,High Volatility,Train
2020-11-25 00:00:00-05:00,-0.0015415388563387866,0.010666526180072156,High Volatility,Train
2020-11-27 00:00:00-05:00,0.002784951505439226,0.010616754931616379,High Volatility,Train
2020-11-30 00:00:00-05:00,-0.00442712001498613,0.010238286659431951,High Volatility,Train
2020-12-01 00:00:00-05:00,0.010937381061667306,0.010230127297804464,High Volatility,Train
2020-12-02 00:00:00-05:00,0.0021038066727012694,0.009817217037940917,High Volatility,Train
2020-12-03 00:00:00-05:00,-0.00027256974689982005,0.008905404066635881,High Volatility,Train
2020-12-04 00:00:00-05:00,0.008617406572603015,0.008165096158948509,Low Volatility,Train
2020-12-07 00:00:00-05:00,-0.002054623371106623,0.00821034941572166,Low Volatility,Train
2020-12-08 00:00:00-05:00,0.002925838079838927,0.00787481688020127,Low Volatility,Train
2020-12-09 00:00:00-05:00,-0.008968846172879519,0.008228693553367247,Low Volatility,Train
2020-12-10 00:00:00-05:00,-0.0003269582767408963,0.008132188390382027,Low Volatility,Train
2020-12-11 00:00:00-05:00,-0.0011728086945705929,0.007731906026809987,Low Volatility,Train
2020-12-14 00:00:00-05:00,-0.004476881803706534,0.007309708642701108,Low Volatility,Train
2020-12-15 00:00:00-05:00,0.013519373575053173,0.007399096331869865,Low Volatility,Train
2020-12-16 00:00:00-05:00,0.0015691777797781636,0.0072461162057431165,Low Volatility,Train
2020-12-17 00:00:00-05:00,0.005591986914135427,0.006575642299767285,Low Volatility,Train
2020-12-18 00:00:00-05:00,-0.0039927752314932174,0.0066992393909384804,Low Volatility,Train
2020-12-21 00:00:00-05:00,-0.003575587295821858,0.006514220727046474,Low Volatility,Train
2020-12-22 00:00:00-05:00,-0.0016852091492687293,0.006490651345434127,Low Volatility,Train
2020-12-23 00:00:00-05:00,0.0008983503752613142,0.005516528004781984,Low Volatility,Train
2020-12-24 00:00:00-05:00,0.0038905200104579762,0.005527712124742467,Low Volatility,Train
2020-12-28 00:00:00-05:00,0.008590886390686725,0.005768388570397175,Low Volatility,Train
2020-12-29 00:00:00-05:00,-0.0019078374286547461,0.005661312415599443,Low Volatility,Train
2020-12-30 00:00:00-05:00,0.0014266233901822911,0.005209189903985767,Low Volatility,Train
2020-12-31 00:00:00-05:00,0.005081223953768532,0.005283359664239388,Low Volatility,Train
2021-01-04 00:00:00-05:00,-0.013614107151757593,0.0062337064694345445,Low Volatility,Train
2021-01-05 00:00:00-05:00,0.006887280294270326,0.006126458207756797,Low Volatility,Train
2021-01-06 00:00:00-05:00,0.00597844428569827,0.006217619977884162,Low Volatility,Train
2021-01-07 00:00:00-05:00,0.014857375233408465,0.006957493641405931,Low Volatility,Train
2021-01-08 00:00:00-05:00,0.005697692755639583,0.006565833133406636,Low Volatility,Train
2021-01-11 00:00:00-05:00,-0.0067409802601464675,0.006844522275866156,Low Volatility,Train
2021-01-12 00:00:00-05:00,0.00021150489420773688,0.006819392754864952,Low Volatility,Train
2021-01-13 00:00:00-05:00,0.0026930151070372332,0.006652358713898927,Low Volatility,Train
2021-01-14 00:00:00-05:00,-0.0035020052935075263,0.006211473700673794,Low Volatility,Train
2021-01-15 00:00:00-05:00,-0.007292710667477054,0.0065090574953820144,Low Volatility,Train
2021-01-19 00:00:00-05:00,0.007852005297772191,0.0066122352118833765,Low Volatility,Train
2021-01-20 00:00:00-05:00,0.013838755702857863,0.0070769900367400555,Low Volatility,Train
2021-01-21 00:00:00-05:00,0.0009116115233587241,0.00696180841071134,Low Volatility,Train
2021-01-22 00:00:00-05:00,-0.0035395415745806957,0.007028355138724791,Low Volatility,Train
2021-01-25 00:00:00-05:00,0.003943970654647133,0.0070336925688692506,Low Volatility,Train
2021-01-26 00:00:00-05:00,-0.0015610962969321296,0.0070728342747416245,Low Volatility,Train
2021-01-27 00:00:00-05:00,-0.0244405225183858,0.009034908420940298,High Volatility,Train
2021-01-28 00:00:00-05:00,0.008600357725723873,0.009201377873136097,High Volatility,Train
2021-01-29 00:00:00-05:00,-0.02001924639660968,0.010314675262044562,High Volatility,Train
2021-02-01 00:00:00-05:00,0.01664522927909906,0.010932384592947786,High Volatility,Train
2021-02-02 00:00:00-05:00,0.014140219563537393,0.010824807444033097,High Volatility,Train
2021-02-03 00:00:00-05:00,0.0007860996630693062,0.010758417391976959,High Volatility,Train
2021-02-04 00:00:00-05:00,0.011365908437357852,0.010943544417078205,High Volatility,Train
2021-02-05 00:00:00-05:00,0.003935527608691203,0.010517823857674774,High Volatility,Train
2021-02-08 00:00:00-05:00,0.007222227214228383,0.010557765462607819,High Volatility,Train
2021-02-09 00:00:00-05:00,-0.0006657220315109402,0.010401922976043991,High Volatility,Train
2021-02-10 00:00:00-05:00,-0.0004357446728234793,0.010407332499176044,High Volatility,Train
2021-02-11 00:00:00-05:00,0.0016154183691765578,0.010403750200413524,High Volatility,Train
2021-02-12 00:00:00-05:00,0.0049394658866033225,0.010362572215546163,High Volatility,Train
2021-02-16 00:00:00-05:00,-0.0008662683121495318,0.010160444223278014,High Volatility,Train
2021-02-17 00:00:00-05:00,0.00022971950427508325,0.010080451549501946,High Volatility,Train
2021-02-18 00:00:00-05:00,-0.00425587053161236,0.009752827661848103,High Volatility,Train
2021-02-19 00:00:00-05:00,-0.0017661170164399165,0.009771420669394066,High Volatility,Train
2021-02-22 00:00:00-05:00,-0.007691684774653873,0.009911437677018785,High Volatility,Train
2021-02-23 00:00:00-05:00,0.0012141693512337515,0.009881513546928471,High Volatility,Train
2021-02-24 00:00:00-05:00,0.011019444032145165,0.01014372246884026,High Volatility,Train
2021-02-25 00:00:00-05:00,-0.024095709357213946,0.010098257475071785,High Volatility,Train
2021-02-26 00:00:00-05:00,-0.005152520681130923,0.010028352637597165,High Volatility,Train
2021-03-01 00:00:00-05:00,0.02424002471958886,0.010165778537817438,High Volatility,Train
2021-03-02 00:00:00-05:00,-0.007803155479823798,0.009855869683557951,High Volatility,Train
2021-03-03 00:00:00-05:00,-0.013245678975920772,0.009894818527893472,High Volatility,Train
2021-03-04 00:00:00-05:00,-0.012374819693828476,0.010272279610995156,High Volatility,Train
2021-03-05 00:00:00-05:00,0.01839648350712597,0.01081054195252351,High Volatility,Train
2021-03-08 00:00:00-05:00,-0.004978538875259009,0.010811479901346484,High Volatility,Train
2021-03-09 00:00:00-05:00,0.01427746220657844,0.01119273414589453,High Volatility,Train
2021-03-10 00:00:00-05:00,0.006224420560137611,0.011288777933048446,High Volatility,Train
2021-03-11 00:00:00-05:00,0.010139251251398473,0.011513962802845668,High Volatility,Train
2021-03-12 00:00:00-05:00,0.0013466153053134367,0.011512753103012871,High Volatility,Train
2021-03-15 00:00:00-04:00,0.005963628563097734,0.011535841064968133,High Volatility,Train
2021-03-16 00:00:00-04:00,-0.0012613844004705221,0.011538715986741072,High Volatility,Train
2021-03-17 00:00:00-04:00,0.0034098068119265967,0.011556384094415893,High Volatility,Train
2021-03-18 00:00:00-04:00,-0.014549343554162819,0.01200817388012977,High Volatility,Train
2021-03-19 00:00:00-04:00,-0.0018505877293012452,0.012008903905726164,High Volatility,Train
2021-03-22 00:00:00-04:00,0.007985241866053094,0.011980939095735712,High Volatility,Train
2021-03-23 00:00:00-04:00,-0.007870748992406473,0.012141355363333906,High Volatility,Train
2021-03-24 00:00:00-04:00,-0.005083717117740583,0.011938661793519503,High Volatility,Train
2021-03-25 00:00:00-04:00,0.005625523427620571,0.010597049332873996,High Volatility,Train
2021-03-26 00:00:00-04:00,0.016115384434328694,0.010988857889699834,High Volatility,Train
2021-03-29 00:00:00-04:00,-0.0005053883966497086,0.009698158585440557,High Volatility,Train
2021-03-30 00:00:00-04:00,-0.002652789062132732,0.009518880667573606,High Volatility,Train
2021-03-31 00:00:00-04:00,0.004053255326702754,0.008897521418336682,High Volatility,Train
2021-04-01 00:00:00-04:00,0.010799018780478065,0.00840583595161517,Low Volatility,Train
2021-04-05 00:00:00-04:00,0.014353100584550083,0.008064819262228852,Low Volatility,Train
2021-04-06 00:00:00-04:00,-0.0005908296848182726,0.007891979475420334,Low Volatility,Train
2021-04-07 00:00:00-04:00,0.0011575944073451971,0.007464891763136407,Low Volatility,Train
2021-04-08 00:00:00-04:00,0.004746683992377543,0.0074348030201667695,Low Volatility,Train
2021-04-09 00:00:00-04:00,0.007270262697820495,0.007307591513614974,Low Volatility,Train
2021-04-12 00:00:00-04:00,0.0003644559154030169,0.007318498117097699,Low Volatility,Train
2021-04-13 00:00:00-04:00,0.002963766321326222,0.007271646674805696,Low Volatility,Train
2021-04-14 00:00:00-04:00,-0.0034150571966538035,0.007341586873775014,Low Volatility,Train
2021-04-15 00:00:00-04:00,0.010742302728430131,0.007588515617571379,Low Volatility,Train
2021-04-16 00:00:00-04:00,0.003342682762272897,0.006443116529132664,Low Volatility,Train
2021-04-19 00:00:00-04:00,-0.004913353883954308,0.006608199209428587,Low Volatility,Train
2021-04-20 00:00:00-04:00,-0.007321409622047637,0.006907396912337159,Low Volatility,Train
2021-04-21 00:00:00-04:00,0.009462127804056975,0.0066247060936339836,Low Volatility,Train
2021-04-22 00:00:00-04:00,-0.00913306038894579,0.0069491774773411405,Low Volatility,Train
2021-04-23 00:00:00-04:00,0.010842271685159277,0.00714324069644167,Low Volatility,Train
2021-04-26 00:00:00-04:00,0.0020878121528746796,0.006485800722025713,Low Volatility,Train
2021-04-27 00:00:00-04:00,-0.0002157983704281774,0.006478628092211527,Low Volatility,Train
2021-04-28 00:00:00-04:00,-0.00028716558155739147,0.006396891890206976,Low Volatility,Train
2021-04-29 00:00:00-04:00,0.006372669052552293,0.006441383601634068,Low Volatility,Train
2021-04-30 00:00:00-04:00,-0.006570406864398914,0.006495493260397425,Low Volatility,Train
2021-05-03 00:00:00-04:00,0.0021566823908567567,0.005818121174687827,Low Volatility,Train
2021-05-04 00:00:00-04:00,-0.006169346436869172,0.006050351547922769,Low Volatility,Train
2021-05-05 00:00:00-04:00,0.00031299109295601646,0.006053420243835908,Low Volatility,Train
2021-05-06 00:00:00-04:00,0.007985591313310447,0.00619683948305399,Low Volatility,Train
2021-05-07 00:00:00-04:00,0.007277890777309892,0.00619722689935734,Low Volatility,Train
2021-05-10 00:00:00-04:00,-0.009902618277975672,0.006684397260807626,Low Volatility,Train
2021-05-11 00:00:00-04:00,-0.008924618051884159,0.007001159071579088,Low Volatility,Train
2021-05-12 00:00:00-04:00,-0.021245043189694557,0.00846588535290877,High Volatility,Train
2021-05-13 00:00:00-04:00,0.012012353670648457,0.008560505238968815,High Volatility,Train
2021-05-14 00:00:00-04:00,0.015355247135298233,0.009248526391043569,High Volatility,Train
2021-05-17 00:00:00-04:00,-0.002544318961581249,0.009197868911139996,High Volatility,Train
2021-05-18 00:00:00-04:00,-0.008615908391937044,0.009257039986150803,High Volatility,Train
2021-05-19 00:00:00-04:00,-0.0026215663314095305,0.00899857865388254,High Volatility,Train
2021-05-20 00:00:00-04:00,0.010757809047215128,0.009103420088114348,High Volatility,Train
2021-05-21 00:00:00-04:00,-0.000818734384469777,0.008766843809177123,High Volatility,Train
2021-05-24 00:00:00-04:00,0.010194130914102262,0.009059698502910149,High Volatility,Train
2021-05-25 00:00:00-04:00,-0.0022184921287177195,0.009075885876829672,High Volatility,Train
2021-05-26 00:00:00-04:00,0.0019846887827996706,0.009084663932832483,High Volatility,Train
2021-05-27 00:00:00-04:00,0.000524835490573361,0.008970245025652223,High Volatility,Train
2021-05-28 00:00:00-04:00,0.001788770536874873,0.008844474153184723,High Volatility,Train
2021-06-01 00:00:00-04:00,-0.0008808168402446581,0.00883815716355177,High Volatility,Train
2021-06-02 00:00:00-04:00,0.001572567724581253,0.008712574621789768,High Volatility,Train
2021-06-03 00:00:00-04:00,-0.0037113902137791976,0.008765854792670842,High Volatility,Train
2021-06-04 00:00:00-04:00,0.00914575285799879,0.00882236133200365,High Volatility,Train
2021-06-07 00:00:00-04:00,-0.0009702074380399939,0.008678315811864528,High Volatility,Train
2021-06-08 00:00:00-04:00,0.00021337979788360606,0.008356921097908886,Low Volatility,Train
2021-06-09 00:00:00-04:00,-0.0014918659906995035,0.0080738830849565,Low Volatility,Train
2021-06-10 00:00:00-04:00,0.004648079682786577,0.00618814722370165,Low Volatility,Train
2021-06-11 00:00:00-04:00,0.0016525967809239983,0.00574253417001308,Low Volatility,Train
2021-06-14 00:00:00-04:00,0.0022389441324763837,0.0047668460537411105,Low Volatility,Train
2021-06-15 00:00:00-04:00,-0.0018341437922513304,0.004741298514274913,Low Volatility,Train
2021-06-16 00:00:00-04:00,-0.005583465120880815,0.004454815658573171,Low Volatility,Train
2021-06-17 00:00:00-04:00,-0.0003314610556541808,0.004379411921964745,Low Volatility,Train
2021-06-18 00:00:00-04:00,-0.013490380948713687,0.004954787274023421,Low Volatility,Train
2021-06-21 00:00:00-04:00,0.014315907200983968,0.005872710279076979,Low Volatility,Train
2021-06-22 00:00:00-04:00,0.005346082976123601,0.005560124238905145,Low Volatility,Train
2021-06-23 00:00:00-04:00,-0.0012052639893157524,0.005537219726551445,Low Volatility,Train
2021-06-24 00:00:00-04:00,0.005915840779000092,0.0056538929647118865,Low Volatility,Train
2021-06-25 00:00:00-04:00,0.003551857059298724,0.005683949244701968,Low Volatility,Train
2021-06-28 00:00:00-04:00,0.0020160964726003705,0.005685742837662365,Low Volatility,Train
2021-06-29 00:00:00-04:00,0.0005381277036238252,0.005669132909361863,Low Volatility,Train
2021-06-30 00:00:00-04:00,0.0008415317725767313,0.005668464548673345,Low Volatility,Train
2021-07-01 00:00:00-04:00,0.005536792599343476,0.00563325147974951,Low Volatility,Train
2021-07-02 00:00:00-04:00,0.007643558329771816,0.005535855502673274,Low Volatility,Train
2021-07-06 00:00:00-04:00,-0.0018216377469660872,0.005558896090496063,Low Volatility,Train
2021-07-07 00:00:00-04:00,0.003533926821257083,0.00557006488638752,Low Volatility,Train
2021-07-08 00:00:00-04:00,-0.008147899244545287,0.005950442970502494,Low Volatility,Train
2021-07-09 00:00:00-04:00,0.010674948533216488,0.006274401527642695,Low Volatility,Train
2021-07-12 00:00:00-04:00,0.003581885089983361,0.006290554653311723,Low Volatility,Train
2021-07-13 00:00:00-04:00,-0.0034089336892473288,0.006389477140580353,Low Volatility,Train
2021-07-14 00:00:00-04:00,0.0014920873271000445,0.006344443041268084,Low Volatility,Train
2021-07-15 00:00:00-04:00,-0.0034157225931767954,0.006233713094530298,Low Volatility,Train
2021-07-16 00:00:00-04:00,-0.007843395263650299,0.006576781388266998,Low Volatility,Train
2021-07-19 00:00:00-04:00,-0.014767971137476188,0.006732191738991369,Low Volatility,Train
2021-07-20 00:00:00-04:00,0.014330484186010795,0.006733684916283792,Low Volatility,Train
2021-07-21 00:00:00-04:00,0.008096345642035985,0.006849476358064459,Low Volatility,Train
2021-07-22 00:00:00-04:00,0.002094147207954089,0.006824199230287134,Low Volatility,Train
2021-07-23 00:00:00-04:00,0.01028801647222366,0.007039006787629646,Low Volatility,Train
2021-07-26 00:00:00-04:00,0.0024548014097203197,0.0070284168161226165,Low Volatility,Train
2021-07-27 00:00:00-04:00,-0.004557600059822309,0.00716455189153417,Low Volatility,Train
2021-07-28 00:00:00-04:00,-0.0004100374916921057,0.0071733884027184456,Low Volatility,Train
2021-07-29 00:00:00-04:00,0.0041474451730294515,0.007200070344234044,Low Volatility,Train
2021-07-30 00:00:00-04:00,-0.004856417463836915,0.007266245986070177,Low Volatility,Train
2021-08-02 00:00:00-04:00,-0.0020980208193718264,0.007119341014741681,Low Volatility,Train
2021-08-03 00:00:00-04:00,0.008135357326843451,0.007296710608627926,Low Volatility,Train
2021-08-04 00:00:00-04:00,-0.004919081989461449,0.007384435682011597,Low Volatility,Train
2021-08-05 00:00:00-04:00,0.006332995417872356,0.007194882326651439,Low Volatility,Train
2021-08-06 00:00:00-04:00,0.0016524096198977656,0.0068485083363828865,Low Volatility,Train
2021-08-09 00:00:00-04:00,-0.0008134779362188871,0.006825579770579302,Low Volatility,Train
2021-08-10 00:00:00-04:00,0.0012440304815162229,0.006760854590965796,Low Volatility,Train
2021-08-11 00:00:00-04:00,0.002484895825265898,0.006769616054559852,Low Volatility,Train
2021-08-12 00:00:00-04:00,0.0029968658394303738,0.006707072027562216,Low Volatility,Train
2021-08-13 00:00:00-04:00,0.0018197716684285048,0.006360452230056294,Low Volatility,Train
2021-08-16 00:00:00-04:00,0.0023547352489836637,0.005046195820632804,Low Volatility,Train
2021-08-17 00:00:00-04:00,-0.006555094476215939,0.004620696934082004,Low Volatility,Train
2021-08-18 00:00:00-04:00,-0.010945158904264951,0.005123227499010943,Low Volatility,Train
2021-08-19 00:00:00-04:00,0.0015482905311234862,0.0051159753892441075,Low Volatility,Train
2021-08-20 00:00:00-04:00,0.007957008547827105,0.0049037683761460945,Low Volatility,Train
2021-08-23 00:00:00-04:00,0.008796587916940934,0.005237406831101469,Low Volatility,Train
2021-08-24 00:00:00-04:00,0.0015872649691452967,0.005089934417787258,Low Volatility,Train
2021-08-25 00:00:00-04:00,0.002098616000941078,0.005083667390930887,Low Volatility,Train
2021-08-26 00:00:00-04:00,-0.005903416492645253,0.005265147020272105,Low Volatility,Train
2021-08-27 00:00:00-04:00,0.00894114851174499,0.005408231913827908,Low Volatility,Train
2021-08-30 00:00:00-04:00,0.0043974522943361904,0.005386160062624401,Low Volatility,Train
2021-08-31 00:00:00-04:00,-0.0014815177430503867,0.0052038908641023835,Low Volatility,Train
2021-09-01 00:00:00-04:00,0.000531473844942898,0.005006672245526575,Low Volatility,Train
2021-09-02 00:00:00-04:00,0.003076646890683099,0.0048912130286967136,Low Volatility,Train
2021-09-03 00:00:00-04:00,-0.00024280609490845428,0.004902156997309588,Low Volatility,Train
2021-09-07 00:00:00-04:00,-0.003575521450029817,0.004999643789789285,Low Volatility,Train
2021-09-08 00:00:00-04:00,-0.0012182487941188036,0.005025036315413327,Low Volatility,Train
2021-09-09 00:00:00-04:00,-0.004280150852018494,0.005141447483843925,Low Volatility,Train
2021-09-10 00:00:00-04:00,-0.007884612965114668,0.005440946150544973,Low Volatility,Train
2021-09-13 00:00:00-04:00,0.0025592220985195535,0.00545608838212862,Low Volatility,Train
2021-09-14 00:00:00-04:00,-0.0053963789731175105,0.005560892257017468,Low Volatility,Train
2021-09-15 00:00:00-04:00,0.008352702018937785,0.005676181764399834,Low Volatility,Train
2021-09-16 00:00:00-04:00,-0.0015855049214953398,0.005037498402977894,Low Volatility,Train
2021-09-17 00:00:00-04:00,-0.009740987562046333,0.0055673081888335625,Low Volatility,Train
2021-09-20 00:00:00-04:00,-0.016674194039574153,0.006450206586470938,Low Volatility,Train
2021-09-21 00:00:00-04:00,-0.0009447724664852775,0.006035335156523243,Low Volatility,Train
2021-09-22 00:00:00-04:00,0.009755092871387427,0.006504060822002818,Low Volatility,Train
2021-09-23 00:00:00-04:00,0.012149913479319263,0.0071127478055093354,Low Volatility,Train
2021-09-24 00:00:00-04:00,0.0016472898959951632,0.007008133770073173,Low Volatility,Train
2021-09-27 00:00:00-04:00,-0.0028608227127239205,0.00669853140116564,Low Volatility,Train
2021-09-28 00:00:00-04:00,-0.02015189140714413,0.007868086899371324,Low Volatility,Train
2021-09-29 00:00:00-04:00,0.0016828439815645968,0.007908619443488257,Low Volatility,Train
2021-09-30 00:00:00-04:00,-0.012222131406005143,0.008223716760224249,Low Volatility,Train
2021-10-01 00:00:00-04:00,0.011884241557734931,0.00875014434663943,High Volatility,Train
2021-10-04 00:00:00-04:00,-0.012896248375011354,0.009072678323517986,High Volatility,Train
2021-10-05 00:00:00-04:00,0.01040504344293569,0.009518747264493923,High Volatility,Train
2021-10-06 00:00:00-04:00,0.004156206635727244,0.009613535194437556,High Volatility,Train
2021-10-07 00:00:00-04:00,0.008645695113947083,0.00985547310333282,High Volatility,Train
2021-10-08 00:00:00-04:00,-0.0018237894412088673,0.009723511726109963,High Volatility,Train
2021-10-11 00:00:00-04:00,-0.007239802590573219,0.009799717981518068,High Volatility,Train
2021-10-12 00:00:00-04:00,-0.0024614657514153704,0.009754541927442628,High Volatility,Train
2021-10-13 00:00:00-04:00,0.0035975756352952803,0.00957090325931159,High Volatility,Train
2021-10-14 00:00:00-04:00,0.01682059744608133,0.010385574710363285,High Volatility,Train
2021-10-15 00:00:00-04:00,0.007615878062393389,0.01028100021171699,High Volatility,Train
2021-10-18 00:00:00-04:00,0.0029605912218255703,0.009453417053553353,High Volatility,Train
2021-10-19 00:00:00-04:00,0.0077147583865799785,0.009531797743077431,High Volatility,Train
2021-10-20 00:00:00-04:00,0.003927555704532848,0.009368937022775007,High Volatility,Train
2021-10-21 00:00:00-04:00,0.00260843865913718,0.00904493984387745,High Volatility,Train
2021-10-22 00:00:00-04:00,-0.0010362264508910757,0.00905785849902829,High Volatility,Train
2021-10-25 00:00:00-04:00,0.005362634539943567,0.00905685342366365,High Volatility,Train
2021-10-26 00:00:00-04:00,0.0009000197837165658,0.0075003437966304895,Low Volatility,Train
2021-10-27 00:00:00-04:00,-0.0044300231937340895,0.007659549779033254,Low Volatility,Train
2021-10-28 00:00:00-04:00,0.009648813614154816,0.007023287211353371,Low Volatility,Train
2021-10-29 00:00:00-04:00,0.002029191986886003,0.0067302522836019145,Low Volatility,Train
2021-11-01 00:00:00-04:00,0.0017202643139024865,0.005638226347966825,Low Volatility,Train
2021-11-02 00:00:00-04:00,0.004042997771239509,0.005406173689622527,Low Volatility,Train
2021-11-03 00:00:00-04:00,0.0061052214574977,0.00544105013599418,Low Volatility,Train
2021-11-04 00:00:00-04:00,0.004712461412060387,0.005308480885668769,Low Volatility,Train
2021-11-05 00:00:00-04:00,0.0034699658831069957,0.005178400303245643,Low Volatility,Train
2021-11-08 00:00:00-05:00,0.0008536200073858691,0.004585147846045151,Low Volatility,Train
2021-11-09 00:00:00-05:00,-0.0033056504370099216,0.004649337622867048,Low Volatility,Train
2021-11-10 00:00:00-05:00,-0.008044665722272692,0.005347873680373497,Low Volatility,Train
2021-11-11 00:00:00-05:00,0.00032349768391659595,0.004304265987042975,Low Volatility,Train
2021-11-12 00:00:00-05:00,0.007546890942004447,0.004299856858317445,Low Volatility,Train
2021-11-15 00:00:00-05:00,0.0003424245090133393,0.0043202723010760885,Low Volatility,Train
2021-11-16 00:00:00-05:00,0.00395763216100975,0.004147200295610156,Low Volatility,Train
2021-11-17 00:00:00-05:00,-0.0024291517069880975,0.004237271478174521,Low Volatility,Train
2021-11-18 00:00:00-05:00,0.0033963286834106654,0.004249621303859076,Low Volatility,Train
2021-11-19 00:00:00-05:00,-0.0017882448675958784,0.0042788752070892135,Low Volatility,Train
2021-11-22 00:00:00-05:00,-0.0028150340616761582,0.004303195617573015,Low Volatility,Train
2021-11-23 00:00:00-05:00,0.0013259392220312805,0.004302104140513918,Low Volatility,Train
2021-11-24 00:00:00-05:00,0.00266984800671044,0.004089179932350424,Low Volatility,Train
2021-11-26 00:00:00-05:00,-0.022303220267405388,0.006402595864988568,Low Volatility,Train
2021-11-29 00:00:00-05:00,0.012266693103688553,0.006951455539798098,Low Volatility,Train
2021-11-30 00:00:00-05:00,-0.019457609996626823,0.008261708837830575,Low Volatility,Train
2021-12-01 00:00:00-05:00,-0.011107285597737548,0.008518024047118983,High Volatility,Train
2021-12-02 00:00:00-05:00,0.015316442124543528,0.00915946573154174,High Volatility,Train
2021-12-03 00:00:00-05:00,-0.008701362152198522,0.0092290070875739,High Volatility,Train
2021-12-06 00:00:00-05:00,0.011843295345892457,0.009643333994009877,High Volatility,Train
2021-12-07 00:00:00-05:00,0.02068493920363279,0.01079531554605583,High Volatility,Train
2021-12-08 00:00:00-05:00,0.0026477880318311886,0.01078184361425948,High Volatility,Train
2021-12-09 00:00:00-05:00,-0.006751411520760087,0.01073303368081582,High Volatility,Train
2021-12-10 00:00:00-05:00,0.009413545318342154,0.010922710904448416,High Volatility,Train
2021-12-13 00:00:00-05:00,-0.00885863588222191,0.011005295819155658,High Volatility,Train
2021-12-14 00:00:00-05:00,-0.0068799037093913995,0.011110855838278583,High Volatility,Train
2021-12-15 00:00:00-05:00,0.015625039511626415,0.011644007622477526,High Volatility,Train
2021-12-16 00:00:00-05:00,-0.008818391675246784,0.01180659004395249,High Volatility,Train
2021-12-17 00:00:00-05:00,-0.01064310064658669,0.012002596852883112,High Volatility,Train
2021-12-20 00:00:00-05:00,-0.01063318307771921,0.01220158538436359,High Volatility,Train
2021-12-21 00:00:00-05:00,0.017758958856603613,0.012910181732931058,High Volatility,Train
2021-12-22 00:00:00-05:00,0.00999854031817704,0.013109309360301835,High Volatility,Train
2021-12-23 00:00:00-05:00,0.006222193681286514,0.013168415840695894,High Volatility,Train
2021-12-27 00:00:00-05:00,0.014152120564397741,0.012361537365753558,High Volatility,Train
2021-12-28 00:00:00-05:00,-0.0008171990047093347,0.012145289787326886,High Volatility,Train
2021-12-29 00:00:00-05:00,0.001279205771552272,0.011097455651806847,High Volatility,Train
2021-12-30 00:00:00-05:00,-0.002764494081891833,0.010705504857994314,High Volatility,Train
2021-12-31 00:00:00-05:00,-0.0025201990902108395,0.010363275481250994,High Volatility,Train
2022-01-03 00:00:00-05:00,0.005790022715129961,0.010069898866104496,High Volatility,Test
2022-01-04 00:00:00-05:00,-0.0003349905657450414,0.009862672316345241,High Volatility,Test
2022-01-05 00:00:00-05:00,-0.01920198937247275,0.00996619224056179,High Volatility,Test
2022-01-06 00:00:00-05:00,-0.0009397475762253915,0.009952721890921794,High Volatility,Test
2022-01-07 00:00:00-05:00,-0.00395341104904845,0.009871362294580846,High Volatility,Test
2022-01-10 00:00:00-05:00,-0.0012442153207858908,0.009632224269598,High Volatility,Test
2022-01-11 00:00:00-05:00,0.009108300273754866,0.009633679852579482,High Volatility,Test
2022-01-12 00:00:00-05:00,0.0027033799015159232,0.009481321428964871,High Volatility,Test
2022-01-13 00:00:00-05:00,-0.013778476922541971,0.009379573845366153,High Volatility,Test
2022-01-14 00:00:00-05:00,0.0004090792839499535,0.009169937082878754,High Volatility,Test
2022-01-18 00:00:00-05:00,-0.017709749386283002,0.009722322187244236,High Volatility,Test
2022-01-19 00:00:00-05:00,-0.010383518694355054,0.009708539014288173,High Volatility,Test
2022-01-20 00:00:00-05:00,-0.01106819870490261,0.008998493099435286,High Volatility,Test
2022-01-21 00:00:00-05:00,-0.01963045288038645,0.009392368554742927,High Volatility,Test
2022-01-24 00:00:00-05:00,0.004246651150559888,0.009297594754645897,High Volatility,Test
2022-01-25 00:00:00-05:00,-0.012208908631214044,0.008524802194760185,High Volatility,Test
2022-01-26 00:00:00-05:00,-0.0025088096117560355,0.008493095812165155,High Volatility,Test
2022-01-27 00:00:00-05:00,-0.004938112132856887,0.008374309530197369,Low Volatility,Test
2022-01-28 00:00:00-05:00,0.024835352811964695,0.01071662795903326,High Volatility,Test
2022-01-31 00:00:00-05:00,0.018011088477454917,0.011764351169650168,High Volatility,Test
2022-02-01 00:00:00-05:00,0.006757023682852248,0.011802744793348904,High Volatility,Test
2022-02-02 00:00:00-05:00,0.009713956041697669,0.012113659014075979,High Volatility,Test
2022-02-03 00:00:00-05:00,-0.02350494963843064,0.012466663659809972,High Volatility,Test
2022-02-04 00:00:00-05:00,0.004702320026179541,0.012562630760491116,High Volatility,Test
2022-02-07 00:00:00-05:00,-0.0032092615944315783,0.012557710605294271,High Volatility,Test
2022-02-08 00:00:00-05:00,0.008227811338079372,0.012764033020619302,High Volatility,Test
2022-02-09 00:00:00-05:00,0.014636206199376556,0.013062457472641398,High Volatility,Test
2022-02-10 00:00:00-05:00,-0.0179658296076719,0.01354326817704355,High Volatility,Test
2022-02-11 00:00:00-05:00,-0.019718410917021423,0.013870149204655206,High Volatility,Test
2022-02-14 00:00:00-05:00,-0.0032694463391442774,0.013853009915067303,High Volatility,Test
2022-02-15 00:00:00-05:00,0.0161269148273393,0.013995224113170729,High Volatility,Test
2022-02-16 00:00:00-05:00,0.0011206053610057776,0.013827147774691406,High Volatility,Test
2022-02-17 00:00:00-05:00,-0.0213612086812196,0.01442071274419402,High Volatility,Test
2022-02-18 00:00:00-05:00,-0.006475107957425674,0.013813284546336827,High Volatility,Test
2022-02-22 00:00:00-05:00,-0.010731617613007782,0.013956864899482562,High Volatility,Test
2022-02-23 00:00:00-05:00,-0.017738432026108364,0.014240640070510336,High Volatility,Test
2022-02-24 00:00:00-05:00,0.015048754064504122,0.014700147980743584,High Volatility,Test
2022-02-25 00:00:00-05:00,0.022064222406659173,0.015488639160578839,High Volatility,Test
2022-02-28 00:00:00-05:00,-0.0025586946048989923,0.014432421268643456,High Volatility,Test
2022-03-01 00:00:00-05:00,-0.01523013488442293,0.014097883456740401,High Volatility,Test
2022-03-02 00:00:00-05:00,0.01839617094489543,0.014712539903931898,High Volatility,Test
2022-03-03 00:00:00-05:00,-0.004978504622087709,0.014483630376433668,High Volatility,Test
2022-03-04 00:00:00-05:00,-0.008124639389803123,0.013686005291493894,High Volatility,Test
2022-03-07 00:00:00-05:00,-0.029479202580594444,0.014940632068060292,High Volatility,Test
2022-03-08 00:00:00-05:00,-0.007581727669779825,0.014971793511365203,High Volatility,Test
2022-03-09 00:00:00-05:00,0.026810925962504673,0.016257992040159243,High Volatility,Test
2022-03-10 00:00:00-05:00,-0.004515658842114911,0.01574845806186753,High Volatility,Test
2022-03-11 00:00:00-05:00,-0.012714950700980276,0.01553709610087897,High Volatility,Test
2022-03-14 00:00:00-04:00,-0.007308354981212739,0.015085851596780029,High Volatility,Test
2022-03-15 00:00:00-04:00,0.02199026830603823,0.016055281363694406,High Volatility,Test
2022-03-16 00:00:00-04:00,0.022174194699295713,0.016453972802053577,High Volatility,Test
2022-03-17 00:00:00-04:00,0.012510935481589325,0.01672824840614636,High Volatility,Test
2022-03-18 00:00:00-04:00,0.010952942789900888,0.01615709701651817,High Volatility,Test
2022-03-21 00:00:00-04:00,-0.0002926236367597479,0.016062892370988804,High Volatility,Test
2022-03-22 00:00:00-04:00,0.011701532274564386,0.01595147287340005,High Volatility,Test
2022-03-23 00:00:00-04:00,-0.012878323357668697,0.015660392832958184,High Volatility,Test
2022-03-24 00:00:00-04:00,0.01507420313924901,0.015661441516139334,High Volatility,Test
2022-03-25 00:00:00-04:00,0.004883557152569162,0.01500671438142963,High Volatility,Test
2022-03-28 00:00:00-04:00,0.007113137738056663,0.015009896857421373,High Volatility,Test
2022-03-29 00:00:00-04:00,0.012370940707510991,0.014563399880344333,High Volatility,Test
2022-03-30 00:00:00-04:00,-0.006174895283527437,0.014301786293683654,High Volatility,Test
2022-03-31 00:00:00-04:00,-0.015391224008643123,0.014773063003899918,High Volatility,Test
2022-04-01 00:00:00-04:00,0.0028340717464661047,0.014577521615036924,High Volatility,Test
2022-04-04 00:00:00-04:00,0.008566566596436953,0.012505632062704107,High Volatility,Test
2022-04-05 00:00:00-04:00,-0.012631382545144287,0.012809803787653874,High Volatility,Test
2022-04-06 00:00:00-04:00,-0.009999230072976761,0.012018199883308819,High Volatility,Test
2022-04-07 00:00:00-04:00,0.005038924637421172,0.011917754669424787,High Volatility,Test
2022-04-08 00:00:00-04:00,-0.002674163970719956,0.011427134930817295,High Volatility,Test
2022-04-11 00:00:00-04:00,-0.017091952948492417,0.01209901747929355,High Volatility,Test
2022-04-12 00:00:00-04:00,-0.00370541349040987,0.011303742007967717,High Volatility,Test
2022-04-13 00:00:00-04:00,0.011453481775540508,0.010503566637016251,High Volatility,Test
2022-04-14 00:00:00-04:00,-0.012451743576689878,0.010557139875477975,High Volatility,Test
2022-04-18 00:00:00-04:00,0.0004112293682763113,0.010230954491329408,High Volatility,Test
2022-04-19 00:00:00-04:00,0.01614282928955446,0.010902745604949696,High Volatility,Test
2022-04-20 00:00:00-04:00,-0.000741711111332255,0.01055720109595096,High Volatility,Test
2022-04-21 00:00:00-04:00,-0.014953347811640483,0.010694630698095392,High Volatility,Test
2022-04-22 00:00:00-04:00,-0.027439277550601937,0.011602490298081343,High Volatility,Test
2022-04-25 00:00:00-04:00,0.0057975231489966195,0.01163577472001944,High Volatility,Test
2022-04-26 00:00:00-04:00,-0.028960724008668337,0.0127782850359002,High Volatility,Test
2022-04-27 00:00:00-04:00,0.002811703443614144,0.012284035564091926,High Volatility,Test
2022-04-28 00:00:00-04:00,0.025259562948446224,0.014009889573005814,High Volatility,Test
2022-04-29 00:00:00-04:00,-0.03695559113467284,0.015709190797182256,High Volatility,Test
2022-05-02 00:00:00-04:00,0.006019259999635818,0.01580294310699649,High Volatility,Test
2022-05-03 00:00:00-04:00,0.004584068149662279,0.015656629872778178,High Volatility,Test
2022-05-04 00:00:00-04:00,0.030452814417700758,0.017351791815429406,High Volatility,Test
2022-05-05 00:00:00-04:00,-0.03554272383137491,0.018822197287783657,High Volatility,Test
2022-05-06 00:00:00-04:00,-0.005968945263649883,0.018716090910256142,High Volatility,Test
2022-05-09 00:00:00-04:00,-0.03201735848303178,0.019715458144071288,High Volatility,Test
2022-05-10 00:00:00-04:00,0.002310766412584764,0.019599567089197047,High Volatility,Test
2022-05-11 00:00:00-04:00,-0.015886270622543885,0.01975649020285023,High Volatility,Test
2022-05-12 00:00:00-04:00,-0.0010440523060161189,0.01939355640481554,High Volatility,Test
2022-05-13 00:00:00-04:00,0.023908172417194784,0.020424721274569454,High Volatility,Test
2022-05-16 00:00:00-04:00,-0.004057684899768432,0.02039730576549016,High Volatility,Test
2022-05-17 00:00:00-04:00,0.020570293372055737,0.02065342850901373,High Volatility,Test
2022-05-18 00:00:00-04:00,-0.04031152840883756,0.02215615139212578,High Volatility,Test
2022-05-19 00:00:00-04:00,-0.0061245732556340915,0.02205760186297424,High Volatility,Test
2022-05-20 00:00:00-04:00,0.0004366073014123728,0.021480111901532876,High Volatility,Test
2022-05-23 00:00:00-04:00,0.018709822937115428,0.02198565329372903,High Volatility,Test
2022-05-24 00:00:00-04:00,-0.0076335940046281525,0.021193293831050366,High Volatility,Test
2022-05-25 00:00:00-04:00,0.00883480433683359,0.021315545020671303,High Volatility,Test
2022-05-26 00:00:00-04:00,0.019981550534602377,0.020987536013688697,High Volatility,Test
2022-05-27 00:00:00-04:00,0.024549043521380653,0.020160857929343183,High Volatility,Test
2022-05-31 00:00:00-04:00,-0.005611034169588636,0.020163701216799234,High Volatility,Test
2022-06-01 00:00:00-04:00,-0.008088544818332544,0.02021135799925033,High Volatility,Test
2022-06-02 00:00:00-04:00,0.019043435186665292,0.019434034094022345,High Volatility,Test
2022-06-03 00:00:00-04:00,-0.01641146670042104,0.018078056506780793,High Volatility,Test
2022-06-06 00:00:00-04:00,0.0030448668346261254,0.018040047592783034,High Volatility,Test
2022-06-07 00:00:00-04:00,0.009592197345303477,0.01645770450928762,High Volatility,Test
2022-06-08 00:00:00-04:00,-0.010872277128234908,0.016718784080547878,High Volatility,Test
2022-06-09 00:00:00-04:00,-0.023782649927422517,0.01723937657093992,High Volatility,Test
2022-06-10 00:00:00-04:00,-0.02899570590897016,0.018519486274241225,High Volatility,Test
2022-06-13 00:00:00-04:00,-0.037968208307049056,0.01943287016315716,High Volatility,Test
2022-06-14 00:00:00-04:00,-0.0030132955587861554,0.01943200213723513,High Volatility,Test
2022-06-15 00:00:00-04:00,0.014256266872265222,0.01907343255817098,High Volatility,Test
2022-06-16 00:00:00-04:00,-0.0330959776872618,0.018397101709388172,High Volatility,Test
2022-06-17 00:00:00-04:00,0.002155703429530531,0.01841997068864538,High Volatility,Test
2022-06-21 00:00:00-04:00,0.02517341625153735,0.01944662453236401,High Volatility,Test
2022-06-22 00:00:00-04:00,-0.0018129294720564681,0.018856221290732424,High Volatility,Test
2022-06-23 00:00:00-04:00,0.009802577743870389,0.019010418466828247,High Volatility,Test
2022-06-24 00:00:00-04:00,0.031794131675346726,0.020325311569151523,High Volatility,Test
2022-06-27 00:00:00-04:00,-0.0038200164404725845,0.019750861621946284,High Volatility,Test
2022-06-28 00:00:00-04:00,-0.020432794773555085,0.019156281358116187,High Volatility,Test
2022-06-29 00:00:00-04:00,-0.0008142239778178295,0.019164444977303297,High Volatility,Test
2022-06-30 00:00:00-04:00,-0.008124412080311116,0.019164877725260928,High Volatility,Test
2022-07-01 00:00:00-04:00,0.010576450428062323,0.01872415931377563,High Volatility,Test
2022-07-05 00:00:00-04:00,0.0018887245189815882,0.018539014263352957,High Volatility,Test
2022-07-06 00:00:00-04:00,0.003377213166984472,0.01854507551338017,High Volatility,Test
2022-07-07 00:00:00-04:00,0.014977376219392546,0.018778298983460385,High Volatility,Test
2022-07-08 00:00:00-04:00,-0.0008227545384955626,0.01868901744994963,High Volatility,Test
2022-07-11 00:00:00-04:00,-0.011423597254022755,0.018142303221445076,High Volatility,Test
2022-07-12 00:00:00-04:00,-0.00884904885565474,0.017082088606920277,High Volatility,Test
2022-07-13 00:00:00-04:00,-0.005251532700916495,0.014742620830084518,High Volatility,Test
2022-07-14 00:00:00-04:00,-0.0024284020808367224,0.01473518007118429,High Volatility,Test
2022-07-15 00:00:00-04:00,0.019104867758204636,0.015004667145421544,High Volatility,Test
2022-07-18 00:00:00-04:00,-0.008256759792096835,0.012906665106655774,High Volatility,Test
2022-07-19 00:00:00-04:00,0.027019254191914754,0.014035940917904579,High Volatility,Test
2022-07-20 00:00:00-04:00,0.0063730337255705205,0.013113158482858657,High Volatility,Test
2022-07-21 00:00:00-04:00,0.01018323428028256,0.01317279379004371,High Volatility,Test
2022-07-22 00:00:00-04:00,-0.009278206866174976,0.013362361890435938,High Volatility,Test
2022-07-25 00:00:00-04:00,0.001215118413338212,0.011416485195371077,High Volatility,Test
2022-07-26 00:00:00-04:00,-0.011831072713062496,0.011722104836303678,High Volatility,Test
2022-07-27 00:00:00-04:00,0.025966349242797504,0.01197900889023967,High Volatility,Test
2022-07-28 00:00:00-04:00,0.012542313993432641,0.012145109595770132,High Volatility,Test
2022-07-29 00:00:00-04:00,0.014578878642935722,0.012077204893363917,High Volatility,Test
2022-08-01 00:00:00-04:00,-0.002961398359536793,0.012097076404455084,High Volatility,Test
2022-08-02 00:00:00-04:00,-0.006597331566855269,0.012314735814700125,High Volatility,Test
2022-08-03 00:00:00-04:00,0.015659583546155265,0.012617032925379452,High Volatility,Test
2022-08-04 00:00:00-04:00,-0.000675501106700116,0.012383313048735698,High Volatility,Test
2022-08-05 00:00:00-04:00,-0.0016902052203275897,0.012399701804651024,High Volatility,Test
2022-08-08 00:00:00-04:00,-0.0011607910509146002,0.011968855058085951,High Volatility,Test
2022-08-09 00:00:00-04:00,-0.0039712168435783735,0.011747699211954923,High Volatility,Test
2022-08-10 00:00:00-04:00,0.021003880766511163,0.012128840770493858,High Volatility,Test
2022-08-11 00:00:00-04:00,0.0,0.012059995209131459,High Volatility,Test
2022-08-12 00:00:00-04:00,0.01692923006919478,0.011938704102868165,High Volatility,Test
2022-08-15 00:00:00-04:00,0.004120656090823571,0.011514849441121827,High Volatility,Test
2022-08-16 00:00:00-04:00,0.001958711808422775,0.010402210691009156,High Volatility,Test
2022-08-17 00:00:00-04:00,-0.007098100470124824,0.010714068830065985,High Volatility,Test
2022-08-18 00:00:00-04:00,0.0029064272586158957,0.010614154769238977,High Volatility,Test
2022-08-19 00:00:00-04:00,-0.013437946500116205,0.010915860991263586,High Volatility,Test
2022-08-22 00:00:00-04:00,-0.020822560978771887,0.012183778765278073,High Volatility,Test
2022-08-23 00:00:00-04:00,-0.0024190689836164347,0.011785682492529783,High Volatility,Test
2022-08-24 00:00:00-04:00,0.003201001734985276,0.010447998399511193,High Volatility,Test
2022-08-25 00:00:00-04:00,0.014117557879387954,0.010540331577143255,High Volatility,Test
2022-08-26 00:00:00-04:00,-0.03384892578808485,0.01275216504099959,High Volatility,Test
2022-08-29 00:00:00-04:00,-0.006612174187944686,0.012811637543059352,High Volatility,Test
2022-08-30 00:00:00-04:00,-0.010978021328676868,0.012950470712843576,High Volatility,Test
2022-08-31 00:00:00-04:00,-0.007608881162024295,0.012395007168086647,High Volatility,Test
2022-09-01 00:00:00-04:00,0.0031377972510138186,0.012450584848294612,High Volatility,Test
2022-09-02 00:00:00-04:00,-0.010544555271591372,0.012591361718547803,High Volatility,Test
2022-09-06 00:00:00-04:00,-0.0037731265076705878,0.012589672374363823,High Volatility,Test
2022-09-07 00:00:00-04:00,0.017965060522872722,0.01340128437444444,High Volatility,Test
2022-09-08 00:00:00-04:00,0.006536301075171336,0.01247603474839466,High Volatility,Test
2022-09-09 00:00:00-04:00,0.015535157681034306,0.013095868411657321,High Volatility,Test
2022-09-12 00:00:00-04:00,0.010747790127187962,0.012704206372733817,High Volatility,Test
2022-09-13 00:00:00-04:00,-0.04348244339954688,0.015646161072486047,High Volatility,Test
2022-09-14 00:00:00-04:00,0.0038155660418308646,0.015690239169197612,High Volatility,Test
2022-09-15 00:00:00-04:00,-0.011353094008363485,0.01576124468859069,High Volatility,Test
2022-09-16 00:00:00-04:00,-0.007629016836718461,0.01568195833796468,High Volatility,Test
2022-09-19 00:00:00-04:00,0.007754941358323553,0.015788384468419688,High Volatility,Test
2022-09-20 00:00:00-04:00,-0.011478656872377924,0.015391831310836991,High Volatility,Test
2022-09-21 00:00:00-04:00,-0.01744363046289432,0.01570762953065083,High Volatility,Test
2022-09-22 00:00:00-04:00,-0.008399783083411716,0.015637986002183666,High Volatility,Test
2022-09-23 00:00:00-04:00,-0.016755009658525388,0.015202780321571447,High Volatility,Test
2022-09-26 00:00:00-04:00,-0.009892560968776776,0.013789462186323539,High Volatility,Test
2022-09-27 00:00:00-04:00,-0.002552702009334218,0.01379471359123471,High Volatility,Test
2022-09-28 00:00:00-04:00,0.01967624199660034,0.014744749857658418,High Volatility,Test
2022-09-29 00:00:00-04:00,-0.020889000226280263,0.015240308191363848,High Volatility,Test
2022-09-30 00:00:00-04:00,-0.01546345923690029,0.015352094713605833,High Volatility,Test
2022-10-03 00:00:00-04:00,0.02640112846464815,0.016790219659386277,High Volatility,Test
2022-10-04 00:00:00-04:00,0.030986680925640275,0.018428763686021702,High Volatility,Test
2022-10-05 00:00:00-04:00,-0.0023281142122190124,0.017862416377007292,High Volatility,Test
2022-10-06 00:00:00-04:00,-0.01031598666311373,0.01782055027729752,High Volatility,Test
2022-10-07 00:00:00-04:00,-0.02789383851304572,0.018067709425848476,High Volatility,Test
2022-10-10 00:00:00-04:00,-0.007635132710717807,0.017670247340718162,High Volatility,Test
2022-10-11 00:00:00-04:00,-0.006333074175303044,0.015349969576044136,High Volatility,Test
2022-10-12 00:00:00-04:00,-0.0032983919958112784,0.015231875324184721,High Volatility,Test
2022-10-13 00:00:00-04:00,0.026391101468281386,0.01664257697855222,High Volatility,Test
2022-10-14 00:00:00-04:00,-0.02278871708115604,0.017207106316880858,High Volatility,Test
2022-10-17 00:00:00-04:00,0.025696851811557897,0.01826607973608097,High Volatility,Test
2022-10-18 00:00:00-04:00,0.011749486812714816,0.018417416474357923,High Volatility,Test
2022-10-19 00:00:00-04:00,-0.007086456899410121,0.01808982808844367,High Volatility,Test
2022-10-20 00:00:00-04:00,-0.008385254835684308,0.01808951713810154,High Volatility,Test
2022-10-21 00:00:00-04:00,0.02430142975497107,0.018535858458071895,High Volatility,Test
2022-10-24 00:00:00-04:00,0.012236528220271659,0.018510817431362254,High Volatility,Test
2022-10-25 00:00:00-04:00,0.0159684077849247,0.018726594045401678,High Volatility,Test
2022-10-26 00:00:00-04:00,-0.007533938833882536,0.01844131983700994,High Volatility,Test
2022-10-27 00:00:00-04:00,-0.005339985213381637,0.017754339464063133,High Volatility,Test
2022-10-28 00:00:00-04:00,0.02379066697200849,0.01783743852505877,High Volatility,Test
2022-10-31 00:00:00-04:00,-0.007223350902280101,0.017231846318818324,High Volatility,Test
2022-11-01 00:00:00-04:00,-0.004375739072191909,0.015948254640776788,High Volatility,Test
2022-11-02 00:00:00-04:00,-0.025096141017944107,0.01697627456884618,High Volatility,Test
2022-11-03 00:00:00-04:00,-0.01029702201375371,0.016975677871498198,High Volatility,Test
2022-11-04 00:00:00-04:00,0.014393114216766145,0.015941202153313933,High Volatility,Test
2022-11-07 00:00:00-05:00,0.009565611133427021,0.015860269680860434,High Volatility,Test
2022-11-08 00:00:00-05:00,0.005395575086668991,0.01572036523684729,High Volatility,Test
2022-11-09 00:00:00-05:00,-0.020602297845303097,0.016562241021459347,High Volatility,Test
2022-11-10 00:00:00-05:00,0.05495415316728569,0.019667685713402338,High Volatility,Test
2022-11-11 00:00:00-05:00,0.009678642332070053,0.018657075425957112,High Volatility,Test
2022-11-14 00:00:00-05:00,-0.008506625762774278,0.018280770794867767,High Volatility,Test
2022-11-15 00:00:00-05:00,0.008528730492911585,0.018221883886035538,High Volatility,Test
2022-11-16 00:00:00-05:00,-0.007628510196075022,0.018239195267600497,High Volatility,Test
2022-11-17 00:00:00-05:00,-0.0030599097740118264,0.018091893206980833,High Volatility,Test
2022-11-18 00:00:00-05:00,0.004540354199351837,0.01745061200117198,High Volatility,Test
2022-11-21 00:00:00-05:00,-0.003636154612471021,0.017367711005401694,High Volatility,Test
2022-11-22 00:00:00-05:00,0.013457034411343605,0.017271554178166584,High Volatility,Test
2022-11-23 00:00:00-05:00,0.0063015504687677915,0.017144082959916027,High Volatility,Test
2022-11-25 00:00:00-05:00,-0.0002235663825637113,0.017055080116144032,High Volatility,Test
2022-11-28 00:00:00-05:00,-0.0159570127402362,0.016818829612694118,High Volatility,Test
2022-11-29 00:00:00-05:00,-0.0017176001087784165,0.016721745986265236,High Volatility,Test
2022-11-30 00:00:00-05:00,0.0315005458822597,0.017960846230111075,High Volatility,Test
2022-12-01 00:00:00-05:00,-0.0007357373133877187,0.01673361669634507,High Volatility,Test
2022-12-02 00:00:00-05:00,-0.001153648091368753,0.016436158319414338,High Volatility,Test
2022-12-05 00:00:00-05:00,-0.017989345781299293,0.01702128839631306,High Volatility,Test
2022-12-06 00:00:00-05:00,-0.014414797680588731,0.017385230911288206,High Volatility,Test
2022-12-07 00:00:00-05:00,-0.0017012710644948026,0.01738334005626596,High Volatility,Test
2022-12-08 00:00:00-05:00,0.007834029452290725,0.016619517424481707,High Volatility,Test
2022-12-09 00:00:00-05:00,-0.007470261972992276,0.01138778927812415,High Volatility,Test
2022-12-12 00:00:00-05:00,0.014417233306823762,0.011648641637355635,High Volatility,Test
2022-12-13 00:00:00-05:00,0.00756996564374246,0.011576543253329548,High Volatility,Test
2022-12-14 00:00:00-05:00,-0.006393530088300681,0.011541376213066683,High Volatility,Test
2022-12-15 00:00:00-05:00,-0.02446171770119565,0.012696529664956364,High Volatility,Test
2022-12-16 00:00:00-05:00,-0.01180628062003053,0.012931822079904346,High Volatility,Test
2022-12-19 00:00:00-05:00,-0.008479516190922798,0.012960514695670677,High Volatility,Test
2022-12-20 00:00:00-05:00,0.0013683689995596104,0.012970550313556303,High Volatility,Test
2022-12-21 00:00:00-05:00,0.01495248452823228,0.013065293905426002,High Volatility,Test
2022-12-22 00:00:00-05:00,-0.014266059025984434,0.01323324054665867,High Volatility,Test
2022-12-23 00:00:00-05:00,0.00575220830912726,0.013353226483858848,High Volatility,Test
2022-12-27 00:00:00-05:00,-0.003943595572617364,0.012964352546999165,High Volatility,Test
2022-12-28 00:00:00-05:00,-0.012427914913615057,0.013190569475103466,High Volatility,Test
2022-12-29 00:00:00-05:00,0.018000357409195145,0.011634681226075002,High Volatility,Test
2022-12-30 00:00:00-05:00,-0.0026339200694653897,0.011624973459942905,High Volatility,Test
2023-01-03 00:00:00-05:00,-0.004210179139583881,0.011621418403527262,High Volatility,Test
2023-01-04 00:00:00-05:00,0.007720286893832862,0.011295238079023282,High Volatility,Test
2023-01-05 00:00:00-05:00,-0.0114134512657873,0.011136659770975577,High Volatility,Test
2023-01-06 00:00:00-05:00,0.022932201727257295,0.012411695941945066,High Volatility,Test
2023-01-09 00:00:00-05:00,-0.0005668859179304153,0.012261466940884468,High Volatility,Test
2023-01-10 00:00:00-05:00,0.007012784179742049,0.012272477793761304,High Volatility,Test
2023-01-11 00:00:00-05:00,0.012648002168373695,0.012168691830967776,High Volatility,Test
2023-01-12 00:00:00-05:00,0.003640823509266866,0.012069107280132121,High Volatility,Test
2023-01-13 00:00:00-05:00,0.0038794321593838,0.012015899027781938,High Volatility,Test
2023-01-17 00:00:00-05:00,-0.0018318268869130794,0.010548788595692608,High Volatility,Test
2023-01-18 00:00:00-05:00,-0.015788142588829213,0.010842968797485935,High Volatility,Test
2023-01-19 00:00:00-05:00,-0.007279971981670741,0.010790280445884587,High Volatility,Test
2023-01-20 00:00:00-05:00,0.018629201151880492,0.011474938692118302,High Volatility,Test
2023-01-23 00:00:00-05:00,0.011998576243338333,0.011317933070256999,High Volatility,Test
2023-01-24 00:00:00-05:00,-0.0010731613040865229,0.010693843577812046,High Volatility,Test
2023-01-25 00:00:00-05:00,0.00037490543626450545,0.010676739969490937,High Volatility,Test
2023-01-26 00:00:00-05:00,0.010990234826384837,0.010740346952238265,High Volatility,Test
2023-01-27 00:00:00-05:00,0.0022975584626789836,0.010111201107542834,High Volatility,Test
2023-01-30 00:00:00-05:00,-0.012546908706413284,0.010154981934499879,High Volatility,Test
2023-01-31 00:00:00-05:00,0.014703405474681741,0.010452743733097635,High Volatility,Test
2023-02-01 00:00:00-05:00,0.010627809866357474,0.010432703270017092,High Volatility,Test
2023-02-02 00:00:00-05:00,0.014557059239092007,0.010675452483900895,High Volatility,Test
2023-02-03 00:00:00-05:00,-0.010629124038788351,0.010616395145049869,High Volatility,Test
2023-02-06 00:00:00-05:00,-0.006111372681116167,0.009884529292802025,High Volatility,Test
2023-02-07 00:00:00-05:00,0.013078689489489426,0.01010996899077039,High Volatility,Test
2023-02-08 00:00:00-05:00,-0.010934802673660649,0.010564241399184738,High Volatility,Test
2023-02-09 00:00:00-05:00,-0.008669279844483957,0.010568406542487778,High Volatility,Test
2023-02-10 00:00:00-05:00,0.0023337445172644244,0.010558479615688848,High Volatility,Test
2023-02-13 00:00:00-05:00,0.011739091835972548,0.010797983612483002,High Volatility,Test
2023-02-14 00:00:00-05:00,-0.00046030552876108466,0.010777885357994576,High Volatility,Test
2023-02-15 00:00:00-05:00,0.00324744509078978,0.009942547774711806,High Volatility,Test
2023-02-16 00:00:00-05:00,-0.013768877902945786,0.010386260666426459,High Volatility,Test
2023-02-17 00:00:00-05:00,-0.002498216899446848,0.00971417172277054,High Volatility,Test
2023-02-21 00:00:00-05:00,-0.020060866592698012,0.01049765455361498,High Volatility,Test
2023-02-22 00:00:00-05:00,-0.0013782368452914806,0.010499303153965465,High Volatility,Test
2023-02-23 00:00:00-05:00,0.0053195493478574996,0.01057042388849856,High Volatility,Test
2023-02-24 00:00:00-05:00,-0.010682376190238707,0.010505052775744492,High Volatility,Test
2023-02-27 00:00:00-05:00,0.0034057808576726245,0.010526217830976157,High Volatility,Test
2023-02-28 00:00:00-05:00,-0.003696023919555591,0.010193182691912182,High Volatility,Test
2023-03-01 00:00:00-05:00,-0.0038357046165137243,0.009561835196749026,High Volatility,Test
2023-03-02 00:00:00-05:00,0.0077771115470717245,0.009392526150730818,High Volatility,Test
2023-03-03 00:00:00-05:00,0.01603783484897159,0.009531101000906652,High Volatility,Test
2023-03-06 00:00:00-05:00,0.0006927414780084629,0.009292927308913769,High Volatility,Test
2023-03-07 00:00:00-05:00,-0.015328555334673921,0.009779572416432307,High Volatility,Test
2023-03-08 00:00:00-05:00,0.0016318217992576933,0.00920678671850654,High Volatility,Test
2023-03-09 00:00:00-05:00,-0.01844979628058252,0.009730932956346023,High Volatility,Test
2023-03-10 00:00:00-05:00,-0.01442945232930426,0.010009617819905574,High Volatility,Test
2023-03-13 00:00:00-04:00,-0.0014251425514716365,0.009946797765579173,High Volatility,Test
2023-03-14 00:00:00-04:00,0.016530218590232515,0.010364511937056578,High Volatility,Test
2023-03-15 00:00:00-04:00,-0.006254471422371233,0.010383442590148522,High Volatility,Test
2023-03-16 00:00:00-04:00,0.017545197336429785,0.011279468762841464,High Volatility,Test
2023-03-17 00:00:00-04:00,-0.011692922382155468,0.011175932662148102,High Volatility,Test
2023-03-20 00:00:00-04:00,0.009615689557326057,0.011474056459580342,High Volatility,Test
2023-03-21 00:00:00-04:00,0.013130745594499116,0.01102987570816874,High Volatility,Test
2023-03-22 00:00:00-04:00,-0.017046661424809928,0.011686681349197132,High Volatility,Test
2023-03-23 00:00:00-04:00,0.002703491648537115,0.01163194990369049,High Volatility,Test
2023-03-24 00:00:00-04:00,0.006561991267768352,0.011490424802134665,High Volatility,Test
2023-03-27 00:00:00-04:00,0.0018698397436309744,0.01147280526402933,High Volatility,Test
2023-03-28 00:00:00-04:00,-0.0022446879914164164,0.011452123228474416,High Volatility,Test
2023-03-29 00:00:00-04:00,0.014534888860919803,0.011843989162257637,High Volatility,Test
2023-03-30 00:00:00-04:00,0.005855257143481785,0.011794555690594748,High Volatility,Test
2023-03-31 00:00:00-04:00,0.014094795519417058,0.011671459309208824,High Volatility,Test
2023-04-03 00:00:00-04:00,0.0038104821031834657,0.011689426081389018,High Volatility,Test
2023-04-04 00:00:00-04:00,-0.005548263556445332,0.011160776741756707,High Volatility,Test
2023-04-05 00:00:00-04:00,-0.002618292900103625,0.011199324793793824,High Volatility,Test
2023-04-06 00:00:00-04:00,0.0039010093715490246,0.01019182353405111,High Volatility,Test
2023-04-10 00:00:00-04:00,0.001026203345219301,0.00940023451049157,High Volatility,Test
2023-04-11 00:00:00-04:00,0.00026864910716284385,0.009363765606913948,High Volatility,Test
2023-04-12 00:00:00-04:00,-0.0040759133032660655,0.008956461164034783,High Volatility,Test
2023-04-13 00:00:00-04:00,0.013282620818763524,0.009042588414595015,High Volatility,Test
2023-04-14 00:00:00-04:00,-0.002442792163656282,0.008465494047200815,High Volatility,Test
2023-04-17 00:00:00-04:00,0.0035882513732390375,0.007804716903241648,Low Volatility,Test
2023-04-18 00:00:00-04:00,0.0006521924642928223,0.007661680964108667,Low Volatility,Test
2023-04-19 00:00:00-04:00,-0.0001687180209115624,0.007263192206280952,Low Volatility,Test
2023-04-20 00:00:00-04:00,-0.005457083421877895,0.006029554435284441,Low Volatility,Test
2023-04-21 00:00:00-04:00,0.0007768032035508909,0.006041170853360532,Low Volatility,Test
2023-04-24 00:00:00-04:00,0.0010431613001657958,0.005965830235491611,Low Volatility,Test
2023-04-25 00:00:00-04:00,-0.015873832886858508,0.007195607570905775,Low Volatility,Test
2023-04-26 00:00:00-04:00,-0.004235765997241403,0.007259558635218853,Low Volatility,Test
2023-04-27 00:00:00-04:00,0.019908234510966683,0.007856978710925187,Low Volatility,Test
2023-04-28 00:00:00-04:00,0.008535242694053258,0.007959339152021046,Low Volatility,Test
2023-05-01 00:00:00-04:00,-0.001009803425442768,0.007400706468893685,Low Volatility,Test
2023-05-02 00:00:00-04:00,-0.011239278071068948,0.007827870324709331,Low Volatility,Test
2023-05-03 00:00:00-04:00,-0.006863822404283404,0.00788242196591343,Low Volatility,Test
2023-05-04 00:00:00-04:00,-0.0070832389475515845,0.00802099603094917,Low Volatility,Test
2023-05-05 00:00:00-04:00,0.018512687732419097,0.00902396614876301,High Volatility,Test
2023-05-08 00:00:00-04:00,0.0002665287508161196,0.00902304376266935,High Volatility,Test
2023-05-09 00:00:00-04:00,-0.004385344254685175,0.009086916884125456,High Volatility,Test
2023-05-10 00:00:00-04:00,0.004672368966426754,0.00908149427803738,High Volatility,Test
2023-05-11 00:00:00-04:00,-0.001744028304918599,0.00858723566219752,High Volatility,Test
2023-05-12 00:00:00-04:00,-0.0013100364250455687,0.008574887349708574,High Volatility,Test
2023-05-15 00:00:00-04:00,0.0034499902435285446,0.0085718373836316,High Volatility,Test
2023-05-16 00:00:00-04:00,-0.006682645729398584,0.008694990354502606,High Volatility,Test
2023-05-17 00:00:00-04:00,0.012138858327776614,0.009139686653281439,High Volatility,Test
2023-05-18 00:00:00-04:00,0.00963311895178287,0.009272528035515475,High Volatility,Test
2023-05-19 00:00:00-04:00,-0.0014549268088541734,0.009287826946570299,High Volatility,Test
2023-05-22 00:00:00-04:00,0.00040611075544871866,0.009288091595316504,High Volatility,Test
2023-05-23 00:00:00-04:00,-0.011222843874589938,0.008899207511357947,High Volatility,Test
2023-05-24 00:00:00-04:00,-0.007244921291516659,0.009017300365696482,High Volatility,Test
2023-05-25 00:00:00-04:00,0.008659946904468585,0.00806778083874403,Low Volatility,Test
2023-05-26 00:00:00-04:00,0.012950663474598834,0.008360064644109468,Low Volatility,Test
2023-05-30 00:00:00-04:00,0.0003810636930476896,0.00835242904061755,Low Volatility,Test
2023-05-31 00:00:00-04:00,-0.0055451115302845855,0.008018275257144557,Low Volatility,Test
2023-06-01 00:00:00-04:00,0.009500885814436755,0.008021786287434145,Low Volatility,Test
2023-06-02 00:00:00-04:00,0.014461063367353866,0.008224933141172144,Low Volatility,Test
2023-06-05 00:00:00-04:00,-0.001916135541940367,0.007393775854939221,Low Volatility,Test
2023-06-06 00:00:00-04:00,0.002177461877481246,0.007385929613643434,Low Volatility,Test
2023-06-07 00:00:00-04:00,-0.003457873274601009,0.007347556219506666,Low Volatility,Test
2023-06-08 00:00:00-04:00,0.006048702385327065,0.007381328804454993,Low Volatility,Test
2023-06-09 00:00:00-04:00,0.0017942614751011998,0.007330066309415012,Low Volatility,Test
2023-06-12 00:00:00-04:00,0.009071871555161648,0.007439793660483872,Low Volatility,Test
2023-06-13 00:00:00-04:00,0.006593032716625702,0.007490438290934587,Low Volatility,Test
2023-06-14 00:00:00-04:00,0.0011906434010635625,0.007164849560664669,Low Volatility,Test
2023-06-15 00:00:00-04:00,0.01239779803831298,0.0071820498769995435,Low Volatility,Test
2023-06-16 00:00:00-04:00,-0.003406253219155997,0.0071611716087451325,Low Volatility,Test
2023-06-20 00:00:00-04:00,-0.005188292758454338,0.007318519879190382,Low Volatility,Test
2023-06-21 00:00:00-04:00,-0.005123620235633508,0.00749934000033744,Low Volatility,Test
2023-06-22 00:00:00-04:00,0.0036097097061593697,0.006813922530187656,Low Volatility,Test
2023-06-23 00:00:00-04:00,-0.007559925486374075,0.00683879796798357,Low Volatility,Test
2023-06-26 00:00:00-04:00,-0.004085814311852065,0.006860958680833074,Low Volatility,Test
2023-06-27 00:00:00-04:00,0.010963454637258119,0.0067097149132189,Low Volatility,Test
2023-06-28 00:00:00-04:00,0.0005042377248107854,0.0067081149333109175,Low Volatility,Test
2023-06-29 00:00:00-04:00,0.003941350623776874,0.006470141770313062,Low Volatility,Test
2023-06-30 00:00:00-04:00,0.011800769297566793,0.006618437561625916,Low Volatility,Test
2023-07-03 00:00:00-04:00,0.0011504421616792548,0.006014220684410316,Low Volatility,Test
2023-07-05 00:00:00-04:00,-0.0014871680629819917,0.006000173169301784,Low Volatility,Test
2023-07-06 00:00:00-04:00,-0.007830716303522167,0.00639316388482275,Low Volatility,Test
2023-07-07 00:00:00-04:00,-0.0025248082239451852,0.006358032339083155,Low Volatility,Test
2023-07-10 00:00:00-04:00,0.0025311990160372666,0.006276418301215517,Low Volatility,Test
2023-07-11 00:00:00-04:00,0.0063685428910469355,0.00637347860889245,Low Volatility,Test
2023-07-12 00:00:00-04:00,0.008045970099074484,0.006314421352567875,Low Volatility,Test
2023-07-13 00:00:00-04:00,0.007936934629058756,0.00637725065856059,Low Volatility,Test
2023-07-14 00:00:00-04:00,-0.0006228860891427379,0.006397163311988843,Low Volatility,Test
2023-07-17 00:00:00-04:00,0.0034722161018971853,0.00589363109174686,Low Volatility,Test
2023-07-18 00:00:00-04:00,0.007430576751312978,0.005952991761283302,Low Volatility,Test
2023-07-19 00:00:00-04:00,0.0022237855714153376,0.0057303344967527,Low Volatility,Test
2023-07-20 00:00:00-04:00,-0.006634424603174649,0.005838635265979164,Low Volatility,Test
2023-07-21 00:00:00-04:00,0.0,0.00584080115436991,Low Volatility,Test
2023-07-24 00:00:00-04:00,0.004467200772050761,0.0054333759393730766,Low Volatility,Test
2023-07-25 00:00:00-04:00,0.0027300664177838385,0.00521570614258624,Low Volatility,Test
2023-07-26 00:00:00-04:00,0.00015371107214923185,0.004865177745304795,Low Volatility,Test
2023-07-27 00:00:00-04:00,-0.006630048719616699,0.005241703609081941,Low Volatility,Test
2023-07-28 00:00:00-04:00,0.009790545623068914,0.005521635509402619,Low Volatility,Test
2023-07-31 00:00:00-04:00,0.0019039335434780646,0.005029831723174439,Low Volatility,Test
2023-08-01 00:00:00-04:00,-0.002861648273700834,0.005128736887348365,Low Volatility,Test
2023-08-02 00:00:00-04:00,-0.01391073356115402,0.006150377232288367,Low Volatility,Test
2023-08-03 00:00:00-04:00,-0.0028658701146622167,0.005877758913229927,Low Volatility,Test
2023-08-04 00:00:00-04:00,-0.004522745030425379,0.005958145439392456,Low Volatility,Test
2023-08-07 00:00:00-04:00,0.008728491157189211,0.006200895253086713,Low Volatility,Test
2023-08-08 00:00:00-04:00,-0.0043485857485192625,0.00619928262353214,Low Volatility,Test
2023-08-09 00:00:00-04:00,-0.00668538180152789,0.0061585952433016265,Low Volatility,Test
2023-08-10 00:00:00-04:00,0.00035894680416892477,0.005870150505644128,Low Volatility,Test
2023-08-11 00:00:00-04:00,-0.0005830171032084053,0.005870074434726306,Low Volatility,Test
2023-08-14 00:00:00-04:00,0.005520036262399719,0.005958171546592205,Low Volatility,Test
2023-08-15 00:00:00-04:00,-0.011648901975693016,0.006180768510204578,Low Volatility,Test
2023-08-16 00:00:00-04:00,-0.007338086397121635,0.006267877451953938,Low Volatility,Test
2023-08-17 00:00:00-04:00,-0.007620016685831343,0.006312276428212748,Low Volatility,Test
2023-08-18 00:00:00-04:00,0.0004813736705591154,0.006320285692934475,Low Volatility,Test
2023-08-21 00:00:00-04:00,0.0065063033964274375,0.006441048282470609,Low Volatility,Test
2023-08-22 00:00:00-04:00,-0.0027087028977309524,0.006361057306819213,Low Volatility,Test
2023-08-23 00:00:00-04:00,0.011137812060772134,0.006991875857941449,Low Volatility,Test
2023-08-24 00:00:00-04:00,-0.01385900056035183,0.0074502184169520196,Low Volatility,Test
2023-08-25 00:00:00-04:00,0.00704965267251878,0.007249731495782779,Low Volatility,Test
2023-08-28 00:00:00-04:00,0.006341304386642488,0.007436582981626781,Low Volatility,Test
2023-08-29 00:00:00-04:00,0.014454904555461612,0.008250559023265231,Low Volatility,Test
2023-08-30 00:00:00-04:00,0.004118870418318155,0.007706913939120496,Low Volatility,Test
2023-08-31 00:00:00-04:00,-0.001463360569796901,0.007684607725110882,Low Volatility,Test
2023-09-01 00:00:00-04:00,0.0018650284896026825,0.00761055260058137,Low Volatility,Test
2023-09-05 00:00:00-04:00,-0.00432184436136851,0.007426544780470053,Low Volatility,Test
2023-09-06 00:00:00-04:00,-0.006722583958790329,0.0075158352674255975,Low Volatility,Test
2023-09-07 00:00:00-04:00,-0.0030700897216985323,0.0073955720861141215,Low Volatility,Test
2023-09-08 00:00:00-04:00,0.0015059837736284276,0.007403558232819607,Low Volatility,Test
2023-09-11 00:00:00-04:00,0.006576718439476714,0.007546504020264508,Low Volatility,Test
2023-09-12 00:00:00-04:00,-0.005485500099279839,0.007550176937325007,Low Volatility,Test
2023-09-13 00:00:00-04:00,0.0011659669752071,0.007055912790280382,Low Volatility,Test
2023-09-14 00:00:00-04:00,0.008622406366416202,0.007033544343408215,Low Volatility,Test
2023-09-15 00:00:00-04:00,-0.012048457170638294,0.007387568786593399,Low Volatility,Test
2023-09-18 00:00:00-04:00,0.0005866455550207483,0.007387211810152154,Low Volatility,Test
2023-09-19 00:00:00-04:00,-0.0020739707703035792,0.00730000794757059,Low Volatility,Test
2023-09-20 00:00:00-04:00,-0.009193263597168877,0.007592092116400969,Low Volatility,Test
2023-09-21 00:00:00-04:00,-0.016528503360219493,0.008014387855270071,Low Volatility,Test
2023-09-22 00:00:00-04:00,-0.0022484285220270017,0.007443544071911755,Low Volatility,Test
2023-09-25 00:00:00-04:00,0.004205209469902105,0.007316926198025657,Low Volatility,Test
2023-09-26 00:00:00-04:00,-0.014691324728528299,0.007752327695871472,Low Volatility,Test
2023-09-27 00:00:00-04:00,0.00039927725406352366,0.006783777564143553,Low Volatility,Test
2023-09-28 00:00:00-04:00,0.005797174464604593,0.006878895085316948,Low Volatility,Test
2023-09-29 00:00:00-04:00,-0.0024268699719663944,0.006875686657449131,Low Volatility,Test
2023-10-02 00:00:00-04:00,-0.0003977090012120543,0.006820130495665061,Low Volatility,Test
2023-10-03 00:00:00-04:00,-0.01338594990876607,0.007234892872497593,Low Volatility,Test
2023-10-04 00:00:00-04:00,0.007281986461336265,0.007524567989131928,Low Volatility,Test
2023-10-05 00:00:00-04:00,-0.0003767868665581764,0.007533598797842921,Low Volatility,Test
2023-10-06 00:00:00-04:00,0.01187292536674156,0.008130367385313638,Low Volatility,Test
2023-10-09 00:00:00-04:00,0.006402049878786675,0.0081211908271296,Low Volatility,Test
2023-10-10 00:00:00-04:00,0.005204839419969964,0.008205180855373502,Low Volatility,Test
2023-10-11 00:00:00-04:00,0.0040962567303299835,0.00827349290703461,Low Volatility,Test
2023-10-12 00:00:00-04:00,-0.006096457711300296,0.00802866360855196,Low Volatility,Test
2023-10-13 00:00:00-04:00,-0.004980948218810566,0.00769702031354588,Low Volatility,Test
2023-10-16 00:00:00-04:00,0.010521570063551255,0.008135185138015389,Low Volatility,Test
2023-10-17 00:00:00-04:00,-4.589630894502594e-05,0.008131514542109457,Low Volatility,Test
2023-10-18 00:00:00-04:00,-0.01332516428411179,0.008405732786094237,Low Volatility,Test
2023-10-19 00:00:00-04:00,-0.008786305077294054,0.007806801035458901,Low Volatility,Test
2023-10-20 00:00:00-04:00,-0.012287977572786546,0.008232963468380443,Low Volatility,Test
2023-10-23 00:00:00-04:00,-0.0017333043549946359,0.00813998094584145,Low Volatility,Test
2023-10-24 00:00:00-04:00,0.007539467208081074,0.0077294916386850395,Low Volatility,Test
2023-10-25 00:00:00-04:00,-0.014352190986408275,0.008344955045883673,Low Volatility,Test
2023-10-26 00:00:00-04:00,-0.01197461381870435,0.00853013653887169,High Volatility,Test
2023-10-27 00:00:00-04:00,-0.004532814510393002,0.008550443038203726,High Volatility,Test
2023-10-30 00:00:00-04:00,0.011955642672575317,0.009098465794413094,High Volatility,Test
2023-10-31 00:00:00-04:00,0.006280396257328347,0.008786614628049109,High Volatility,Test
2023-11-01 00:00:00-04:00,0.010664542362892382,0.008972185909796355,High Volatility,Test
2023-11-02 00:00:00-04:00,0.01916441882241382,0.009961162533565273,High Volatility,Test
2023-11-03 00:00:00-04:00,0.00912345495814848,0.009817945331338018,High Volatility,Test
2023-11-06 00:00:00-05:00,0.0023004902048351372,0.009733769192091624,High Volatility,Test
2023-11-07 00:00:00-05:00,0.0028461184794985606,0.00968713549609112,High Volatility,Test
2023-11-08 00:00:00-05:00,0.0007324116803841818,0.009647218419029213,High Volatility,Test
2023-11-09 00:00:00-05:00,-0.007798828767954014,0.009712527365181947,High Volatility,Test
2023-11-10 00:00:00-05:00,0.015604788981413709,0.010226754995725037,High Volatility,Test
2023-11-13 00:00:00-05:00,-0.0009531810779693783,0.00998918049027,High Volatility,Test
2023-11-14 00:00:00-05:00,0.019400772365121943,0.010841207371707146,High Volatility,Test
2023-11-15 00:00:00-05:00,0.0021171564022648415,0.010264859674666055,High Volatility,Test
2023-11-16 00:00:00-05:00,0.0012230919250031391,0.009936413394379447,High Volatility,Test
2023-11-17 00:00:00-05:00,0.0012438226896787086,0.00929757588289146,High Volatility,Test
2023-11-20 00:00:00-05:00,0.0076975551059770275,0.009260332403719816,High Volatility,Test
2023-11-21 00:00:00-05:00,-0.002179563179849686,0.00931492385247608,High Volatility,Test
2023-11-22 00:00:00-05:00,0.003860973477587182,0.00832260177785149,Low Volatility,Test
2023-11-24 00:00:00-05:00,0.0006153298435043197,0.00745463096166216,Low Volatility,Test
2023-11-27 00:00:00-05:00,-0.001801107508834443,0.007294696575916213,Low Volatility,Test
2023-11-28 00:00:00-05:00,0.0009902122000366997,0.007163598129607112,Low Volatility,Test
2023-11-29 00:00:00-05:00,-0.0007033633563164887,0.007244901359285561,Low Volatility,Test
2023-11-30 00:00:00-05:00,0.003937427215192413,0.00708370832610457,Low Volatility,Test
2023-12-01 00:00:00-05:00,0.005915932849248184,0.006134111462263982,Low Volatility,Test
2023-12-04 00:00:00-05:00,-0.005249414753063175,0.006245608260820968,Low Volatility,Test
2023-12-05 00:00:00-05:00,-0.00019719463843470564,0.006274502135996698,Low Volatility,Test
2023-12-06 00:00:00-05:00,-0.004029702968928128,0.006433125991889548,Low Volatility,Test
2023-12-07 00:00:00-05:00,0.007630496052002167,0.006544338605288368,Low Volatility,Test
2023-12-08 00:00:00-05:00,0.004298971799910456,0.006099298884169,Low Volatility,Test
2023-12-11 00:00:00-05:00,0.00388980580053655,0.005337062802119115,Low Volatility,Test
2023-12-12 00:00:00-05:00,0.004567211839645147,0.005297919049956549,Low Volatility,Test
2023-12-13 00:00:00-05:00,0.013789994469719069,0.004444726011428376,Low Volatility,Test
2023-12-14 00:00:00-05:00,0.003209432476292795,0.004448024333067597,Low Volatility,Test
2023-12-15 00:00:00-05:00,-0.001646595592390887,0.004534634431986711,Low Volatility,Test
2023-12-18 00:00:00-05:00,0.005625222098039062,0.004586863634224712,Low Volatility,Test
2023-12-19 00:00:00-05:00,0.006080812478451492,0.00450414907462682,Low Volatility,Test
2023-12-20 00:00:00-05:00,-0.013857262627366751,0.005724710685532593,Low Volatility,Test
2023-12-21 00:00:00-05:00,0.009481878761340878,0.005961881976360217,Low Volatility,Test
2023-12-22 00:00:00-05:00,0.0020097964524921075,0.005951412626769678,Low Volatility,Test
2023-12-26 00:00:00-05:00,0.004222468102166088,0.005890531560338394,Low Volatility,Test
2023-12-27 00:00:00-05:00,0.001808100974468374,0.00588234408816914,Low Volatility,Test
2023-12-28 00:00:00-05:00,0.0003775142933561959,0.005855890955297468,Low Volatility,Test
2023-12-29 00:00:00-05:00,-0.0028948547903271393,0.00597149423677766,Low Volatility,Test
2024-01-02 00:00:00-05:00,-0.0055961854292020385,0.006151810979870492,Low Volatility,Test
2024-01-03 00:00:00-05:00,-0.008166879092568746,0.006355876899561346,Low Volatility,Test
2024-01-04 00:00:00-05:00,-0.0032209413968929956,0.006434603243132122,Low Volatility,Test
2024-01-05 00:00:00-05:00,0.0013696012702300031,0.00630775229798699,Low Volatility,Test
2024-01-08 00:00:00-05:00,0.014276051819269053,0.006795602108982155,Low Volatility,Test
2024-01-09 00:00:00-05:00,-0.0015172603015217723,0.006815615841209044,Low Volatility,Test
2024-01-10 00:00:00-05:00,0.005655465289015282,0.006856914533253537,Low Volatility,Test
2024-01-11 00:00:00-05:00,-0.000440607070651744,0.006841143562855421,Low Volatility,Test
2024-01-12 00:00:00-05:00,0.0006925840314171428,0.006202696769323763,Low Volatility,Test
2024-01-16 00:00:00-05:00,-0.003671109529425509,0.006256887398316557,Low Volatility,Test
2024-01-17 00:00:00-05:00,-0.0055586288622799795,0.006388262338651516,Low Volatility,Test
2024-01-18 00:00:00-05:00,0.00889274376764404,0.006569909998793438,Low Volatility,Test
2024-01-19 00:00:00-05:00,0.012466149622298195,0.006996809367693753,Low Volatility,Test
2024-01-22 00:00:00-05:00,0.002114386993945949,0.0060860677924067024,Low Volatility,Test
2024-01-23 00:00:00-05:00,0.00291641348770999,0.0058102224420539614,Low Volatility,Test
2024-01-24 00:00:00-05:00,0.0010932628914375186,0.0058078333384143635,Low Volatility,Test
2024-01-25 00:00:00-05:00,0.0054387768102091005,0.005846933749242904,Low Volatility,Test
2024-01-26 00:00:00-05:00,-0.0012702698680894242,0.005873360912728959,Low Volatility,Test
2024-01-29 00:00:00-05:00,0.007919307801194542,0.006060427654844683,Low Volatility,Test
2024-01-30 00:00:00-05:00,-0.0007733641236991051,0.005997234589448351,Low Volatility,Test
2024-01-31 00:00:00-05:00,-0.016317387588725474,0.007061885437182971,Low Volatility,Test
2024-02-01 00:00:00-05:00,0.013088114379607774,0.0071928384171450165,Low Volatility,Test
2024-02-02 00:00:00-05:00,0.010527360933223484,0.00730779393720335,Low Volatility,Test
2024-02-05 00:00:00-05:00,-0.003641132568705019,0.007445633589863743,Low Volatility,Test
2024-02-06 00:00:00-05:00,0.002903190145455037,0.006922435853597485,Low Volatility,Test
2024-02-07 00:00:00-05:00,0.008340496844183587,0.007007303062887254,Low Volatility,Test
2024-02-08 00:00:00-05:00,0.0004416873871995186,0.006981404070736836,Low Volatility,Test
2024-02-09 00:00:00-05:00,0.0057793359482620765,0.006993386976355745,Low Volatility,Test
2024-02-12 00:00:00-05:00,-0.00043889278834607914,0.007013912692280294,Low Volatility,Test
2024-02-13 00:00:00-05:00,-0.013772989470670738,0.007802100397349843,Low Volatility,Test
2024-02-14 00:00:00-05:00,0.009087603235319097,0.007741687216593507,Low Volatility,Test
2024-02-15 00:00:00-05:00,0.006899793709901791,0.007670822010477193,Low Volatility,Test
2024-02-16 00:00:00-05:00,-0.0049800362058063374,0.007484317562281439,Low Volatility,Test
2024-02-20 00:00:00-05:00,-0.005505381676903065,0.007657679059156989,Low Volatility,Test
2024-02-21 00:00:00-05:00,0.0009058194580879864,0.007649734777203412,Low Volatility,Test
2024-02-22 00:00:00-05:00,0.02069555293154335,0.008793900786547921,High Volatility,Test
2024-02-23 00:00:00-05:00,0.0006895960021768843,0.008767810544623491,High Volatility,Test
2024-02-26 00:00:00-05:00,-0.0036624553660885573,0.008831273695029637,High Volatility,Test
2024-02-27 00:00:00-05:00,0.0018577481830415188,0.00871744161456463,High Volatility,Test
2024-02-28 00:00:00-05:00,-0.00132164076202812,0.008726176318412911,High Volatility,Test
2024-02-29 00:00:00-05:00,0.0035949057285806774,0.00764592195534107,Low Volatility,Test
2024-03-01 00:00:00-05:00,0.009388206951783884,0.007419561229398818,Low Volatility,Test
2024-03-04 00:00:00-05:00,-0.001072460310386436,0.0072000696469535,Low Volatility,Test
2024-03-05 00:00:00-05:00,-0.009994070128599652,0.007583136652687483,Low Volatility,Test
2024-03-06 00:00:00-05:00,0.005067315538934913,0.00761968842966899,Low Volatility,Test
2024-03-07 00:00:00-05:00,0.009926389913529787,0.007701339871602726,Low Volatility,Test
2024-03-08 00:00:00-05:00,-0.0060022091803608735,0.007888365206274875,Low Volatility,Test
2024-03-11 00:00:00-04:00,-0.0008598013296785556,0.007831967111587717,Low Volatility,Test
2024-03-12 00:00:00-04:00,0.010757410938595058,0.008116779549888153,Low Volatility,Test
2024-03-13 00:00:00-04:00,-0.0015675294192366573,0.007321140585568658,Low Volatility,Test
2024-03-14 00:00:00-04:00,-0.0019769437397858525,0.007189773731767305,Low Volatility,Test
2024-03-15 00:00:00-04:00,-0.006866463700680225,0.0073177449735345335,Low Volatility,Test
2024-03-18 00:00:00-04:00,0.005943093761497487,0.007258960253314612,Low Volatility,Test
2024-03-19 00:00:00-04:00,0.005557027964436134,0.007117162575377859,Low Volatility,Test
2024-03-20 00:00:00-04:00,0.009249343265452126,0.007288841853489808,Low Volatility,Test
2024-03-21 00:00:00-04:00,0.003304792319186456,0.005906403811809403,Low Volatility,Test
2024-03-22 00:00:00-04:00,-0.0018958133302060531,0.005955481070962347,Low Volatility,Test
2024-03-25 00:00:00-04:00,-0.002762833583577984,0.005917944352371793,Low Volatility,Test
2024-03-26 00:00:00-04:00,-0.0018470924829974145,0.005964495591235159,Low Volatility,Test
2024-03-27 00:00:00-04:00,0.008404047164972894,0.006130980022361037,Low Volatility,Test
2024-03-28 00:00:00-04:00,-0.00019115878345854487,0.006131657341709602,Low Volatility,Test
2024-04-01 00:00:00-04:00,-0.0017398116135795005,0.005890573690563771,Low Volatility,Test
2024-04-02 00:00:00-04:00,-0.006358075809655306,0.006106446821933522,Low Volatility,Test
2024-04-03 00:00:00-04:00,0.001098293658063909,0.0055523651785552635,Low Volatility,Test
2024-04-04 00:00:00-04:00,-0.012205790965556962,0.006245773175366614,Low Volatility,Test
2024-04-05 00:00:00-04:00,0.010446611613320389,0.00628804385987235,Low Volatility,Test
2024-04-08 00:00:00-04:00,0.0005593746948995282,0.006097898194656881,Low Volatility,Test
2024-04-09 00:00:00-04:00,0.0011569132818938233,0.0060847544008206895,Low Volatility,Test
2024-04-10 00:00:00-04:00,-0.010013225036973217,0.006095867211991041,Low Volatility,Test
2024-04-11 00:00:00-04:00,0.007546985320680211,0.006315947686732523,Low Volatility,Test
2024-04-12 00:00:00-04:00,-0.013803088195717739,0.007057355533746945,Low Volatility,Test
2024-04-15 00:00:00-04:00,-0.012528044002419358,0.007441064287857631,Low Volatility,Test
2024-04-16 00:00:00-04:00,-0.0018239737926316613,0.00728799108199713,Low Volatility,Test
2024-04-17 00:00:00-04:00,-0.005918175894986888,0.007204763048431978,Low Volatility,Test
2024-04-18 00:00:00-04:00,-0.0020577684122999873,0.006748886279895327,Low Volatility,Test
2024-04-19 00:00:00-04:00,-0.008728335232320639,0.006784410300536145,Low Volatility,Test
2024-04-22 00:00:00-04:00,0.00920919755139571,0.007283960180673526,Low Volatility,Test
2024-04-23 00:00:00-04:00,0.011866574121826012,0.007918468386335387,Low Volatility,Test
2024-04-24 00:00:00-04:00,-0.0004746523967652516,0.007919847026248381,Low Volatility,Test
2024-04-25 00:00:00-04:00,-0.003798898367841641,0.007598234057865423,Low Volatility,Test
2024-04-26 00:00:00-04:00,0.009473829803338774,0.008008115976799205,Low Volatility,Test
2024-04-29 00:00:00-04:00,0.0035414892186309554,0.008083203393081521,Low Volatility,Test
2024-04-30 00:00:00-04:00,-0.015841105249633447,0.008662723985649752,High Volatility,Test
2024-05-01 00:00:00-04:00,-0.00324715015108501,0.008645575250995912,High Volatility,Test
2024-05-02 00:00:00-04:00,0.009353324390745765,0.008628069160816026,High Volatility,Test
2024-05-03 00:00:00-04:00,0.012395271255430496,0.008771028159430498,High Volatility,Test
2024-05-06 00:00:00-04:00,0.010326858106244341,0.009107760730965073,High Volatility,Test
2024-05-07 00:00:00-04:00,0.0011033628176195798,0.009107358530520082,High Volatility,Test
2024-05-08 00:00:00-04:00,9.67241951392861e-05,0.008807965397664637,High Volatility,Test
2024-05-09 00:00:00-04:00,0.005761744202457342,0.008739808947262886,High Volatility,Test
2024-05-10 00:00:00-04:00,0.0012883496868929534,0.008090417751120762,Low Volatility,Test
2024-05-13 00:00:00-04:00,0.0001344278107913155,0.007445833891677292,Low Volatility,Test
2024-05-14 00:00:00-04:00,0.004588041058626535,0.0074271677905151075,Low Volatility,Test
2024-05-15 00:00:00-04:00,0.012383006461730295,0.007532919254107503,Low Volatility,Test
2024-05-16 00:00:00-04:00,-0.002057639461244154,0.00753291481557196,Low Volatility,Test
2024-05-17 00:00:00-04:00,0.0014376621237919274,0.007035773806524414,Low Volatility,Test
2024-05-20 00:00:00-04:00,0.0011520539555727183,0.0069138703559440086,Low Volatility,Test
2024-05-21 00:00:00-04:00,0.002452584934648172,0.006589450835521818,Low Volatility,Test
2024-05-22 00:00:00-04:00,-0.002879396361313069,0.006668122333904063,Low Volatility,Test
2024-05-23 00:00:00-04:00,-0.007304162035511652,0.00688180569358858,Low Volatility,Test
2024-05-24 00:00:00-04:00,0.00661651357559756,0.006751452211206954,Low Volatility,Test
2024-05-28 00:00:00-04:00,0.0006986330659797257,0.00674865848745772,Low Volatility,Test
2024-05-29 00:00:00-04:00,-0.007002512305683828,0.005737868328567827,Low Volatility,Test
2024-05-30 00:00:00-04:00,-0.0066334596537414026,0.005957928987697219,Low Volatility,Test
2024-05-31 00:00:00-04:00,0.009108092071861584,0.005942655550558251,Low Volatility,Test
2024-06-03 00:00:00-04:00,0.0008153591799815452,0.005438025531355965,Low Volatility,Test
2024-06-04 00:00:00-04:00,0.001117889678908135,0.005035577927403862,Low Volatility,Test
2024-06-05 00:00:00-04:00,0.01188482258593182,0.005578805846787159,Low Volatility,Test
2024-06-06 00:00:00-04:00,-1.8523014669868942e-05,0.005580589715158687,Low Volatility,Test
2024-06-07 00:00:00-04:00,-0.0012156246633115986,0.005529666600962879,Low Volatility,Test
2024-06-10 00:00:00-04:00,0.0030898882339394085,0.0055436371315351115,Low Volatility,Test
2024-06-11 00:00:00-04:00,0.0024081043553234593,0.005539232647243601,Low Volatility,Test
2024-06-12 00:00:00-04:00,0.008213109386135509,0.005701427172381118,Low Volatility,Test
2024-06-13 00:00:00-04:00,0.002013278048079048,0.005122141660938763,Low Volatility,Test
2024-06-14 00:00:00-04:00,0.0006087323979793169,0.00506743901324773,Low Volatility,Test
2024-06-17 00:00:00-04:00,0.007958941796448737,0.0052801956089675245,Low Volatility,Test
2024-06-18 00:00:00-04:00,0.0025406049973901723,0.00528237367906239,Low Volatility,Test
2024-06-20 00:00:00-04:00,-0.002716672394016739,0.005370557913877645,Low Volatility,Test
2024-06-21 00:00:00-04:00,-0.0013407223559952497,0.005315787406605388,Low Volatility,Test
2024-06-24 00:00:00-04:00,-0.0032505104166534737,0.00503035710029257,Low Volatility,Test
2024-06-25 00:00:00-04:00,0.003850753763464221,0.004926321997117179,Low Volatility,Test
2024-06-26 00:00:00-04:00,0.001248271084342223,0.00492252240806388,Low Volatility,Test
2024-06-27 00:00:00-04:00,0.0015762324036823205,0.0044846387614051525,Low Volatility,Test
2024-06-28 00:00:00-04:00,-0.003935179996862104,0.004243346589095057,Low Volatility,Test
2024-07-01 00:00:00-04:00,0.0020582538182398746,0.003919564544141862,Low Volatility,Test
2024-07-02 00:00:00-04:00,0.006729662300142714,0.004058411728013677,Low Volatility,Test
2024-07-03 00:00:00-04:00,0.004462634526017029,0.004082870744005023,Low Volatility,Test
2024-07-05 00:00:00-04:00,0.005766597648471761,0.0035176642630678186,Low Volatility,Test
2024-07-08 00:00:00-04:00,0.001153871456714528,0.003491888650551593,Low Volatility,Test
2024-07-09 00:00:00-04:00,0.0009723971750748017,0.003417307388963269,Low Volatility,Test
2024-07-10 00:00:00-04:00,0.009895281643110376,0.003827836450259462,Low Volatility,Test
2024-07-11 00:00:00-04:00,-0.008622454289494041,0.004566738142499223,Low Volatility,Test
2024-07-12 00:00:00-04:00,0.006307401060414053,0.004447711161027938,Low Volatility,Test
2024-07-15 00:00:00-04:00,0.0027502879155361093,0.00445206524230304,Low Volatility,Test
2024-07-16 00:00:00-04:00,0.0059301142005405705,0.004529132321851289,Low Volatility,Test
2024-07-17 00:00:00-04:00,-0.014021125043746863,0.005591775362134725,Low Volatility,Test
2024-07-18 00:00:00-04:00,-0.007685202095966237,0.005908550047524234,Low Volatility,Test
2024-07-19 00:00:00-04:00,-0.00664052947872551,0.006085452932474921,Low Volatility,Test
2024-07-22 00:00:00-04:00,0.01030996941834772,0.006460151060900751,Low Volatility,Test
2024-07-23 00:00:00-04:00,-0.0015683944689509621,0.006413464989525309,Low Volatility,Test
2024-07-24 00:00:00-04:00,-0.022662757516719534,0.008270422170295125,Low Volatility,Test
2024-07-25 00:00:00-04:00,-0.005210194216618613,0.008332692148035756,Low Volatility,Test
2024-07-26 00:00:00-04:00,0.011199553271160845,0.008734448686386181,High Volatility,Test
2024-07-29 00:00:00-04:00,0.0005879168006492907,0.008689465106917442,High Volatility,Test
2024-07-30 00:00:00-04:00,-0.005066440981766007,0.00875017078730526,High Volatility,Test
2024-07-31 00:00:00-04:00,0.016254499976771752,0.009387233369525325,High Volatility,Test
2024-08-01 00:00:00-04:00,-0.014160871465467961,0.009854779563243092,High Volatility,Test
2024-08-02 00:00:00-04:00,-0.01861848648683473,0.010496858550285213,High Volatility,Test
2024-08-05 00:00:00-04:00,-0.029123578985874254,0.0120890279636484,High Volatility,Test
2024-08-06 00:00:00-04:00,0.009219486490398277,0.01238515084584169,High Volatility,Test
2024-08-07 00:00:00-04:00,-0.0066839251170162095,0.012022899932580653,High Volatility,Test
2024-08-08 00:00:00-04:00,0.023117419965709818,0.01338134754769654,High Volatility,Test
2024-08-09 00:00:00-04:00,0.004409456606590423,0.013323787109442592,High Volatility,Test
2024-08-12 00:00:00-04:00,0.0005254051316678776,0.01328791061750337,High Volatility,Test
2024-08-13 00:00:00-04:00,0.016445964765023913,0.013835572559535948,High Volatility,Test
2024-08-14 00:00:00-04:00,0.0031543181422339917,0.013578754971209197,High Volatility,Test
2024-08-15 00:00:00-04:00,0.01714039684358104,0.014071786568899658,High Volatility,Test
2024-08-16 00:00:00-04:00,0.0022421066199815876,0.013986719803369295,High Volatility,Test
2024-08-19 00:00:00-04:00,0.009561204672337897,0.013960269537441573,High Volatility,Test
2024-08-20 00:00:00-04:00,-0.001625949089025247,0.013960732554493519,High Volatility,Test
2024-08-21 00:00:00-04:00,0.003436347719740329,0.012854137762877084,High Volatility,Test
2024-08-22 00:00:00-04:00,-0.007848180831358853,0.012943515298029775,High Volatility,Test
2024-08-23 00:00:00-04:00,0.010625160069914097,0.012921966655358249,High Volatility,Test
2024-08-26 00:00:00-04:00,-0.00238369696215901,0.012952228791583396,High Volatility,Test
2024-08-27 00:00:00-04:00,0.0013728478504213548,0.012859298366398557,High Volatility,Test
2024-08-28 00:00:00-04:00,-0.005805075198949683,0.012500065353398725,High Volatility,Test
2024-08-29 00:00:00-04:00,8.964093266849993e-05,0.012001597863309696,High Volatility,Test
2024-08-30 00:00:00-04:00,0.00954584767487665,0.011142992248176711,High Volatility,Test
2024-09-03 00:00:00-04:00,-0.020578918275010016,0.009951879943130714,High Volatility,Test
2024-09-04 00:00:00-04:00,-0.0020467176748472093,0.009917856969902597,High Volatility,Test
2024-09-05 00:00:00-04:00,-0.002432293711486455,0.00974948717745668,High Volatility,Test
2024-09-06 00:00:00-04:00,-0.016830317648955262,0.009488286358503125,High Volatility,Test
2024-09-09 00:00:00-04:00,0.011196370429751079,0.009736644844699048,High Volatility,Test
2024-09-10 00:00:00-04:00,0.004355686662705027,0.009758475485101645,High Volatility,Test
2024-09-11 00:00:00-04:00,0.010258963429025103,0.009348555480387225,High Volatility,Test
2024-09-12 00:00:00-04:00,0.008423235345493163,0.009480682617667449,High Volatility,Test
2024-09-13 00:00:00-04:00,0.005222783247845975,0.008791041700522645,High Volatility,Test
2024-09-16 00:00:00-04:00,0.0014768156945352828,0.008786277019858584,High Volatility,Test
2024-09-17 00:00:00-04:00,0.00040873357753001827,0.008540902201473487,High Volatility,Test
2024-09-18 00:00:00-04:00,-0.002965935955357324,0.008562389878636573,High Volatility,Test
2024-09-19 00:00:00-04:00,0.017064380731744544,0.009334570402065699,High Volatility,Test
2024-09-20 00:00:00-04:00,-0.0017286028901163375,0.009128765898437077,High Volatility,Test
2024-09-23 00:00:00-04:00,0.002499014282571377,0.008867255511537555,High Volatility,Test
2024-09-24 00:00:00-04:00,0.0028611588420435208,0.008843891283595615,High Volatility,Test
2024-09-25 00:00:00-04:00,-0.002205574021654777,0.00887463764132791,High Volatility,Test
2024-09-26 00:00:00-04:00,0.003964690943036642,0.008751829846582458,High Volatility,Test
2024-09-27 00:00:00-04:00,-0.0014503990937563271,0.008770987755566345,High Volatility,Test
2024-09-30 00:00:00-04:00,0.004007416216051274,0.008584110428416655,High Volatility,Test
2024-10-01 00:00:00-04:00,-0.008958495996637117,0.007345169089458597,Low Volatility,Test
2024-10-02 00:00:00-04:00,0.0004221832658779512,0.007300273451252458,Low Volatility,Test
2024-10-03 00:00:00-04:00,-0.0018282872845175602,0.007283162086932006,Low Volatility,Test
2024-10-04 00:00:00-04:00,0.009087314968778681,0.005981428514712847,Low Volatility,Test
2024-10-07 00:00:00-04:00,-0.00904048416232972,0.006246520827071881,Low Volatility,Test
2024-10-08 00:00:00-04:00,0.00945766211928345,0.006444789687370337,Low Volatility,Test
2024-10-09 00:00:00-04:00,0.006926265602409165,0.006270223371121863,Low Volatility,Test
2024-10-10 00:00:00-04:00,-0.0017499291458934474,0.006148746762659994,Low Volatility,Test
2024-10-11 00:00:00-04:00,0.005988342474201325,0.006174334585096319,Low Volatility,Test
2024-10-14 00:00:00-04:00,0.008178132064984078,0.006340506427779741,Low Volatility,Test
2024-10-15 00:00:00-04:00,-0.0077697105797199795,0.006704970591052594,Low Volatility,Test
2024-10-16 00:00:00-04:00,0.004346629814820702,0.006639766075999185,Low Volatility,Test
2024-10-17 00:00:00-04:00,8.56834873372847e-05,0.005619891183196929,Low Volatility,Test
2024-10-18 00:00:00-04:00,0.003846655742334004,0.005607607274123111,Low Volatility,Test
2024-10-21 00:00:00-04:00,-0.0016420669180361447,0.005642533839101773,Low Volatility,Test
2024-10-22 00:00:00-04:00,-0.0005312863404979273,0.005641793712600318,Low Volatility,Test
2024-10-23 00:00:00-04:00,-0.009137258997425901,0.006050834479928067,Low Volatility,Test
2024-10-24 00:00:00-04:00,0.00216258659452806,0.006013119546624762,Low Volatility,Test
2024-10-25 00:00:00-04:00,-0.00034551236644997374,0.0059981534200501995,Low Volatility,Test
2024-10-28 00:00:00-04:00,0.003091538099100566,0.0059748256807599905,Low Volatility,Test
2024-10-29 00:00:00-04:00,0.0016183796278272933,0.005533282250957284,Low Volatility,Test
2024-10-30 00:00:00-04:00,-0.0030252091843017137,0.005610577329025272,Low Volatility,Test
2024-10-31 00:00:00-04:00,-0.01960308625965801,0.007248539170743793,Low Volatility,Test
2024-11-01 00:00:00-04:00,0.004220259722278019,0.0070085603289016,Low Volatility,Test
2024-11-04 00:00:00-05:00,-0.002153893075014568,0.006711453790850432,Low Volatility,Test
2024-11-05 00:00:00-05:00,0.012091925525588465,0.0069251816644687846,Low Volatility,Test
2024-11-06 00:00:00-05:00,0.024865595825653397,0.008746732420809204,High Volatility,Test
2024-11-07 00:00:00-05:00,0.00773216736757254,0.008833438053697708,High Volatility,Test
2024-11-08 00:00:00-05:00,0.0043317116431220715,0.00879881877536653,High Volatility,Test
2024-11-11 00:00:00-05:00,0.0009529898599045517,0.008662575704894742,High Volatility,Test
2024-11-12 00:00:00-05:00,-0.003106335718117026,0.008467382826546202,High Volatility,Test
2024-11-13 00:00:00-05:00,0.00048566424342411096,0.00844280584325348,Low Volatility,Test
2024-11-14 00:00:00-05:00,-0.006429997853434011,0.00861594383187502,High Volatility,Test
2024-11-15 00:00:00-05:00,-0.012808848092839664,0.009113921802408873,High Volatility,Test
2024-11-18 00:00:00-05:00,0.004097410127560819,0.009145213591237327,High Volatility,Test
2024-11-19 00:00:00-05:00,0.0036555804977529416,0.009170047610198176,High Volatility,Test
2024-11-20 00:00:00-05:00,0.0003387221816493202,0.008878747005443086,High Volatility,Test
2024-11-21 00:00:00-05:00,0.005368247246335223,0.008927576513994567,High Volatility,Test
2024-11-22 00:00:00-05:00,0.0030996042973512328,0.008928024397659686,High Volatility,Test
2024-11-25 00:00:00-05:00,0.0033918955160623376,0.008931198737715576,High Volatility,Test
2024-11-26 00:00:00-05:00,0.00522148547086676,0.00897089533505228,High Volatility,Test
2024-11-27 00:00:00-05:00,-0.003029984694522536,0.008971026001636363,High Volatility,Test
2024-11-29 00:00:00-05:00,0.006211841703562593,0.007489019978166451,Low Volatility,Test
2024-12-02 00:00:00-05:00,0.001792534496985354,0.007486626048707277,Low Volatility,Test
2024-12-03 00:00:00-05:00,0.00046394547237316175,0.007417926036461082,Low Volatility,Test
2024-12-04 00:00:00-05:00,0.006209303692824131,0.007147483217859874,Low Volatility,Test
2024-12-05 00:00:00-05:00,-0.001645534807012794,0.004920450977972683,Low Volatility,Test
2024-12-06 00:00:00-05:00,0.0018956945975732165,0.0046874905131005715,Low Volatility,Test
2024-12-09 00:00:00-05:00,-0.005149673070058869,0.004813207337979019,Low Volatility,Test
2024-12-10 00:00:00-05:00,-0.003108991042220177,0.004880568728108856,Low Volatility,Test
2024-12-11 00:00:00-05:00,0.007730532876877971,0.005074625210276251,Low Volatility,Test
2024-12-12 00:00:00-05:00,-0.00515253763170509,0.005251756343366501,Low Volatility,Test
2024-12-13 00:00:00-05:00,-0.0001985150947229064,0.004990616971942397,Low Volatility,Test
2024-12-16 00:00:00-05:00,0.004269849806811443,0.003848475759788551,Low Volatility,Test
2024-12-17 00:00:00-05:00,-0.004119991479773488,0.004022004537446313,Low Volatility,Test
2024-12-18 00:00:00-05:00,-0.02980346115350485,0.008004661111485989,Low Volatility,Test
2024-12-19 00:00:00-05:00,-0.0003072589937267445,0.008003205680525793,Low Volatility,Test
2024-12-20 00:00:00-05:00,0.012011121262937685,0.008381605716106674,Low Volatility,Test
2024-12-23 00:00:00-05:00,0.005988313845908255,0.008462527651995452,High Volatility,Test
2024-12-24 00:00:00-05:00,0.011114888892345354,0.008788941016014693,High Volatility,Test
2024-12-26 00:00:00-05:00,6.659180165091705e-05,0.008719107416865471,High Volatility,Test
2024-12-27 00:00:00-05:00,-0.0105262755816794,0.009023865609094765,High Volatility,Test
2024-12-30 00:00:00-05:00,-0.011411688320766777,0.009231822390785108,High Volatility,Test
2024-12-31 00:00:00-05:00,-0.00363813553785719,0.009225410540211207,High Volatility,Test
2025-01-02 00:00:00-05:00,-0.002457018332623462,0.009219708278693717,High Volatility,Test
2025-01-03 00:00:00-05:00,0.012503404560544995,0.009593381164841389,High Volatility,Test
2025-01-06 00:00:00-05:00,0.005760615382937484,0.009713281063861224,High Volatility,Test
2025-01-07 00:00:00-05:00,-0.011304045433904064,0.009970752792587233,High Volatility,Test
2025-01-08 00:00:00-05:00,0.0014610115160782478,0.009948989923023087,High Volatility,Test
2025-01-10 00:00:00-05:00,-0.015267322687043783,0.010440355273787956,High Volatility,Test
2025-01-13 00:00:00-05:00,0.0015503706847863619,0.010237147543084949,High Volatility,Test
2025-01-14 00:00:00-05:00,0.0013759502770052112,0.01023451233276867,High Volatility,Test
2025-01-15 00:00:00-05:00,0.01819002884394938,0.011155944443712696,High Volatility,Test
2025-01-16 00:00:00-05:00,-0.00192320642202648,0.01109573091790924,High Volatility,Test
2025-01-17 00:00:00-05:00,0.010039901270404217,0.01133776157240603,High Volatility,Test
2025-01-21 00:00:00-05:00,0.009153584329701925,0.009141087517275031,High Volatility,Test
2025-01-22 00:00:00-05:00,0.005621537753287331,0.009171414254966134,High Volatility,Test
2025-01-23 00:00:00-05:00,0.005457955612408583,0.008904942240003665,High Volatility,Test
2025-01-24 00:00:00-05:00,-0.0029191631474385638,0.008896017379094984,High Volatility,Test
2025-01-27 00:00:00-05:00,-0.014145661109239649,0.009193863447566283,High Volatility,Test
2025-01-28 00:00:00-05:00,0.008592420672520307,0.009398382296588998,High Volatility,Test
2025-01-29 00:00:00-05:00,-0.004482864925825725,0.009124964498119236,High Volatility,Test
2025-01-30 00:00:00-05:00,0.0053671859760371365,0.008724251976831698,High Volatility,Test
2025-01-31 00:00:00-05:00,-0.005322013686878346,0.008783829245491061,High Volatility,Test
2025-02-03 00:00:00-05:00,-0.0067295534034903515,0.008932314162079699,High Volatility,Test
2025-02-04 00:00:00-05:00,0.006708369785656254,0.008633604895828458,High Volatility,Test
2025-02-05 00:00:00-05:00,0.004054526223509436,0.008590951250085153,High Volatility,Test
2025-02-06 00:00:00-05:00,0.003475526445625654,0.00812009580142351,Low Volatility,Test
2025-02-07 00:00:00-05:00,-0.009153513951071335,0.008463295573038645,High Volatility,Test
2025-02-10 00:00:00-05:00,0.006791224986284927,0.0076305781856620255,Low Volatility,Test
2025-02-11 00:00:00-05:00,0.0007606438304508245,0.007635532789655735,Low Volatility,Test
2025-02-12 00:00:00-05:00,-0.0032215873014570517,0.007725433820806541,Low Volatility,Test
2025-02-13 00:00:00-05:00,0.010557604278849553,0.0070313388740490335,Low Volatility,Test
2025-02-14 00:00:00-05:00,-4.927878362037674e-05,0.006996645643514427,Low Volatility,Test
2025-02-18 00:00:00-05:00,0.0029358976669520143,0.0067164843669776505,Low Volatility,Test
2025-02-19 00:00:00-05:00,0.0023549188372289365,0.0064583822687733425,Low Volatility,Test
2025-02-20 00:00:00-05:00,-0.0041602448320542385,0.006447014276425293,Low Volatility,Test
2025-02-21 00:00:00-05:00,-0.01710410610424462,0.0074074295532306845,Low Volatility,Test
2025-02-24 00:00:00-05:00,-0.0045503029189239985,0.007441072882547419,Low Volatility,Test
2025-02-25 00:00:00-05:00,-0.004973493757483127,0.006837736474187286,Low Volatility,Test
2025-02-26 00:00:00-05:00,0.0005050065539069504,0.006508710938635375,Low Volatility,Test
2025-02-27 00:00:00-05:00,-0.015962013940292508,0.007306690164305195,Low Volatility,Test
2025-02-28 00:00:00-05:00,0.01560549055036331,0.008118289546516957,Low Volatility,Test
2025-03-03 00:00:00-05:00,-0.01751987501654706,0.008891422828059076,High Volatility,Test
2025-03-04 00:00:00-05:00,-0.011836867992038314,0.00912040824938686,High Volatility,Test
2025-03-05 00:00:00-05:00,0.010747731993943743,0.009358926281362607,High Volatility,Test
2025-03-06 00:00:00-05:00,-0.017750945665505058,0.009926168348713004,High Volatility,Test
2025-03-07 00:00:00-05:00,0.005604668443293992,0.010006161681787803,High Volatility,Test
2025-03-10 00:00:00-04:00,-0.026635514522396653,0.011296441883677266,High Volatility,Test
2025-03-11 00:00:00-04:00,-0.008312891177371884,0.011082467345684709,High Volatility,Test
2025-03-12 00:00:00-04:00,0.005306711888906301,0.011234075402382524,High Volatility,Test
2025-03-13 00:00:00-04:00,-0.01333054593066052,0.011426621408186552,High Volatility,Test
2025-03-14 00:00:00-04:00,0.020655903809781107,0.012312443643350143,High Volatility,Test
2025-03-17 00:00:00-04:00,0.007711225635829377,0.012560746891075262,High Volatility,Test
2025-03-18 00:00:00-04:00,-0.010808487898628982,0.012564042009939819,High Volatility,Test
2025-03-19 00:00:00-04:00,0.010890956650734918,0.01293864451849635,High Volatility,Test
2025-03-20 00:00:00-04:00,-0.0028918080871890295,0.012939873208758636,High Volatility,Test
2025-03-21 00:00:00-04:00,0.0003298919546212975,0.012573720610536953,High Volatility,Test
2025-03-24 00:00:00-04:00,0.017908597496413492,0.013391202933004224,High Volatility,Test
2025-03-25 00:00:00-04:00,0.0024038212736889886,0.013398987135275306,High Volatility,Test
2025-03-26 00:00:00-04:00,-0.011938334576674592,0.013594857152076532,High Volatility,Test
2025-03-27 00:00:00-04:00,-0.002655735881150312,0.013194866447609938,High Volatility,Test
2025-03-28 00:00:00-04:00,-0.020138321487112032,0.013201568578426812,High Volatility,Test
2025-03-31 00:00:00-04:00,0.006712689237152292,0.01291871687863938,High Volatility,Test
2025-04-01 00:00:00-04:00,0.002824553701041621,0.0127399988171529,High Volatility,Test
2025-04-02 00:00:00-04:00,0.0063284086265045225,0.01255949253479335,High Volatility,Test
2025-04-03 00:00:00-04:00,-0.04928091072982521,0.01617873011734824,High Volatility,Test
2025-04-04 00:00:00-04:00,-0.05854288397358964,0.02023921987327921,High Volatility,Test
2025-04-07 00:00:00-04:00,-0.0017812496995063265,0.019671763483726068,High Volatility,Test
2025-04-08 00:00:00-04:00,-0.01566269392150721,0.019806467442064348,High Volatility,Test
2025-04-09 00:00:00-04:00,0.10501925332407813,0.031634355066836053,High Volatility,Test
2025-04-10 00:00:00-04:00,-0.043818954699414436,0.032999835818271886,High Volatility,Test
2025-04-11 00:00:00-04:00,0.017842893761116585,0.03290478098961463,High Volatility,Test
2025-04-14 00:00:00-04:00,0.009701505859365467,0.032938616563199165,High Volatility,Test
2025-04-15 00:00:00-04:00,-0.00280102140040972,0.03287295047374549,High Volatility,Test
2025-04-16 00:00:00-04:00,-0.022228078391931083,0.03305080062812961,High Volatility,Test
2025-04-17 00:00:00-04:00,0.0014267172797870487,0.03306656524426114,High Volatility,Test
2025-04-21 00:00:00-04:00,-0.023802592345244733,0.03338064365719872,High Volatility,Test
2025-04-22 00:00:00-04:00,0.0260176392979643,0.03370996821362403,High Volatility,Test
2025-04-23 00:00:00-04:00,0.015495599517855618,0.033961286446822406,High Volatility,Test
2025-04-24 00:00:00-04:00,0.021048912949868326,0.034306886219625805,High Volatility,Test
2025-04-25 00:00:00-04:00,0.007225424527655733,0.034359183542673206,High Volatility,Test
2025-04-28 00:00:00-04:00,0.0003812727202627819,0.03406019440984906,High Volatility,Test
2025-04-29 00:00:00-04:00,0.006299276475910887,0.034056098648616695,High Volatility,Test
2025-04-30 00:00:00-04:00,0.0003968300935219826,0.03405014487784253,High Volatility,Test
2025-05-01 00:00:00-04:00,0.007086980474864335,0.03405802977529283,High Volatility,Test
2025-05-02 00:00:00-04:00,0.014844136511218409,0.032138699576776036,High Volatility,Test
2025-05-05 00:00:00-04:00,-0.005734324797424639,0.028793675073822356,High Volatility,Test
2025-05-06 00:00:00-04:00,-0.008358326594873233,0.028922663215476322,High Volatility,Test
2025-05-07 00:00:00-04:00,0.00420552756227166,0.028494885365538552,High Volatility,Test
2025-05-08 00:00:00-04:00,0.006967652273661029,0.016611852486465312,High Volatility,Test
2025-05-09 00:00:00-04:00,-0.0012740024202869682,0.012767466004530032,High Volatility,Test
2025-05-12 00:00:00-04:00,0.03304731973987329,0.014040753419114115,High Volatility,Test
2025-05-13 00:00:00-04:00,0.006603967688927792,0.013997343859165933,High Volatility,Test
2025-05-14 00:00:00-04:00,0.0012780826440004223,0.013917267412735135,High Volatility,Test
2025-05-15 00:00:00-04:00,0.004884390469782174,0.012410953390772228,High Volatility,Test
2025-05-16 00:00:00-04:00,0.006333938442399267,0.012366247897449016,High Volatility,Test
2025-05-19 00:00:00-04:00,0.001093923806363195,0.010267737265122867,High Volatility,Test
2025-05-20 00:00:00-04:00,-0.0033622573759429786,0.00953855125480411,High Volatility,Test
2025-05-21 00:00:00-04:00,-0.016850879747133396,0.010521680451258576,High Volatility,Test
2025-05-22 00:00:00-04:00,0.00039470812889552676,0.009779269809147879,High Volatility,Test
2025-05-23 00:00:00-04:00,-0.006825745833528796,0.00998299764031007,High Volatility,Test
2025-05-27 00:00:00-04:00,0.02079068471986001,0.01076029437186904,High Volatility,Test
2025-05-28 00:00:00-04:00,-0.005785347040202837,0.010938046239307836,High Volatility,Test
2025-05-29 00:00:00-04:00,0.003947231240857718,0.010922598555439957,High Volatility,Test
2025-05-30 00:00:00-04:00,-0.0011184011499958402,0.010921608420973545,High Volatility,Test
2025-06-02 00:00:00-04:00,0.005632816282124864,0.010573613980129442,High Volatility,Test
2025-06-03 00:00:00-04:00,0.005702766715374175,0.010424820127543543,High Volatility,Test
2025-06-04 00:00:00-04:00,-0.00026861623700524806,0.010118868325190327,High Volatility,Test
2025-06-05 00:00:00-04:00,-0.004832756264298466,0.010275497993679156,High Volatility,Test
2025-06-06 00:00:00-04:00,0.010269135339138424,0.010371738697670423,High Volatility,Test
2025-06-09 00:00:00-04:00,0.0009010220743177477,0.010336094462264191,High Volatility,Test
2025-06-10 00:00:00-04:00,0.005669925398706033,0.0076147348945976275,Low Volatility,Test
2025-06-11 00:00:00-04:00,-0.0028521799815779403,0.007589243491367275,Low Volatility,Test
2025-06-12 00:00:00-04:00,0.003974378714497684,0.007613675405540669,Low Volatility,Test
2025-06-13 00:00:00-04:00,-0.011180162300879815,0.008059401374579396,Low Volatility,Test
2025-06-16 00:00:00-04:00,0.009514344503849026,0.008208862805391758,Low Volatility,Test
2025-06-17 00:00:00-04:00,-0.008545274096177669,0.008465976964528684,High Volatility,Test
2025-06-18 00:00:00-04:00,-0.00015060952316237053,0.008424033831134227,Low Volatility,Test
2025-06-20 00:00:00-04:00,-0.002348474253184407,0.007424024095773305,Low Volatility,Test
2025-06-23 00:00:00-04:00,0.00987738189722287,0.0076722742457364665,Low Volatility,Test
2025-06-24 00:00:00-04:00,0.011047392828865465,0.007677837340990546,Low Volatility,Test
2025-06-25 00:00:00-04:00,0.000560282661534961,0.006363053737544416,Low Volatility,Test
2025-06-26 00:00:00-04:00,0.007823708081869052,0.006269865561803819,Low Volatility,Test
2025-06-27 00:00:00-04:00,0.004968423651560361,0.006289133007503601,Low Volatility,Test
2025-06-30 00:00:00-04:00,0.004781279687299023,0.006262003217800412,Low Volatility,Test
2025-07-01 00:00:00-04:00,-0.0003237141327537829,0.006248158952259785,Low Volatility,Test
2025-07-02 00:00:00-04:00,0.004533365492089381,0.00621934990274144,Low Volatility,Test
2025-07-03 00:00:00-04:00,0.007881299997254843,0.006317317999124251,Low Volatility,Test
2025-07-07 00:00:00-04:00,-0.0074520706056897534,0.006503456133733438,Low Volatility,Test
2025-07-08 00:00:00-04:00,-0.0005476359239223738,0.00626412524130866,Low Volatility,Test
2025-07-09 00:00:00-04:00,0.005996656078344209,0.006324408791061108,Low Volatility,Test
2025-07-10 00:00:00-04:00,0.002820258275139098,0.006273097064615493,Low Volatility,Test
2025-07-11 00:00:00-04:00,-0.0035154084840562927,0.006301889393568875,Low Volatility,Test
2025-07-14 00:00:00-04:00,0.0019081841138897104,0.006284485450820502,Low Volatility,Test
2025-07-15 00:00:00-04:00,-0.004273310957695342,0.00569060424078801,Low Volatility,Test
2025-07-16 00:00:00-04:00,0.0033433729083833796,0.005436346162620808,Low Volatility,Test
2025-07-17 00:00:00-04:00,0.0061196372725167425,0.0049145711483282815,Low Volatility,Test
2025-07-18 00:00:00-04:00,-0.0007325310505222893,0.004933725311610271,Low Volatility,Test
2025-07-21 00:00:00-04:00,0.001896340343384706,0.004798022518988843,Low Volatility,Test
2025-07-22 00:00:00-04:00,0.00014309727876682388,0.004532487021630822,Low Volatility,Test
2025-07-23 00:00:00-04:00,0.008507476351847565,0.0043058541496913735,Low Volatility,Test
2025-07-24 00:00:00-04:00,0.0003309323466664793,0.0043108149914866875,Low Volatility,Test
2025-07-25 00:00:00-04:00,0.004224435835635587,0.004135718968727585,Low Volatility,Test
2025-07-28 00:00:00-04:00,-0.0002510690047468067,0.004105139968895416,Low Volatility,Test
2025-07-29 00:00:00-04:00,-0.0026376616892719307,0.0041535778734791955,Low Volatility,Test
2025-07-30 00:00:00-04:00,-0.0012593696215839056,0.004179187817820302,Low Volatility,Test
2025-07-31 00:00:00-04:00,-0.003751164153554032,0.0042570858407249244,Low Volatility,Test
2025-08-01 00:00:00-04:00,-0.01639041762130744,0.005462411942691621,Low Volatility,Test
2025-08-04 00:00:00-04:00,0.015199764160073403,0.006195369701180529,Low Volatility,Test
2025-08-05 00:00:00-04:00,-0.005069926343612585,0.006330372078428512,Low Volatility,Test
2025-08-06 00:00:00-04:00,0.007659660445043404,0.006414924644811408,Low Volatility,Test
2025-08-07 00:00:00-04:00,-0.000837636431655131,0.006403836561217501,Low Volatility,Test
2025-08-08 00:00:00-04:00,0.007797554830949682,0.0065261010392240245,Low Volatility,Test
2025-08-11 00:00:00-04:00,-0.0019775013459851776,0.006558420076071226,Low Volatility,Test
2025-08-12 00:00:00-04:00,0.010645981802730908,0.006783393675141743,Low Volatility,Test
2025-08-13 00:00:00-04:00,0.0034232287352642388,0.006784467501917993,Low Volatility,Test
2025-08-14 00:00:00-04:00,9.301357079483097e-05,0.006709012532770078,Low Volatility,Test
2025-08-15 00:00:00-04:00,-0.0023411979263346927,0.006744850027188694,Low Volatility,Test
2025-08-18 00:00:00-04:00,-0.00021771255650937515,0.0067510846413302615,Low Volatility,Test
2025-08-19 00:00:00-04:00,-0.00542510102815319,0.006908407914475378,Low Volatility,Test
2025-08-20 00:00:00-04:00,-0.0026569843521784264,0.0067083339725013905,Low Volatility,Test
2025-08-21 00:00:00-04:00,-0.004011906127353915,0.006778155334670838,Low Volatility,Test
2025-08-22 00:00:00-04:00,0.015356735941821187,0.0075472008494241755,Low Volatility,Test
2025-08-25 00:00:00-04:00,-0.0044010204560761546,0.007630371754775802,Low Volatility,Test
2025-08-26 00:00:00-04:00,0.004186969160700382,0.007637153072764397,Low Volatility,Test
2025-08-27 00:00:00-04:00,0.002278644276482167,0.007627883115190602,Low Volatility,Test
2025-08-28 00:00:00-04:00,0.003541324132844581,0.007563949522866396,Low Volatility,Test
2025-08-29 00:00:00-04:00,-0.005963734491660877,0.006571624021362257,Low Volatility,Test
2025-09-02 00:00:00-04:00,-0.0074102526816088865,0.006083400494636961,Low Volatility,Test
2025-09-03 00:00:00-04:00,0.005419546163007771,0.006008437679677504,Low Volatility,Test
2025-09-04 00:00:00-04:00,0.008357417548391144,0.006049451043304228,Low Volatility,Test
2025-09-05 00:00:00-04:00,-0.002896289175246314,0.006104870309996009,Low Volatility,Test
2025-09-08 00:00:00-04:00,0.002456673315747171,0.0059144654625884995,Low Volatility,Test
2025-09-09 00:00:00-04:00,0.0023118846201510834,0.005881434716435959,Low Volatility,Test
2025-09-10 00:00:00-04:00,0.00289071040325517,0.005462250188688561,Low Volatility,Test
2025-09-11 00:00:00-04:00,0.008310385862863257,0.005692610016743991,Low Volatility,Test
2025-09-12 00:00:00-04:00,-0.000334630409346115,0.005696973653106059,Low Volatility,Test
2025-09-15 00:00:00-04:00,0.0053238689277832485,0.005720092479848048,Low Volatility,Test
2025-09-16 00:00:00-04:00,-0.0013768849532600491,0.005742703398625832,Low Volatility,Test
2025-09-17 00:00:00-04:00,-0.0012423636756685452,0.005558179867646902,Low Volatility,Test
2025-09-18 00:00:00-04:00,0.004672499536354291,0.005510608865907932,Low Volatility,Test
2025-09-19 00:00:00-04:00,0.004952868450893266,0.005369484516000933,Low Volatility,Test
2025-09-22 00:00:00-04:00,0.004731049353107419,0.0044606102453841265,Low Volatility,Test
2025-09-23 00:00:00-04:00,-0.005443470649980853,0.00454211151383047,Low Volatility,Test
2025-09-24 00:00:00-04:00,-0.0031816642308674092,0.004631017573192704,Low Volatility,Test
2025-09-25 00:00:00-04:00,-0.004613467564511753,0.004812700711353862,Low Volatility,Test
2025-09-26 00:00:00-04:00,0.0057290340826092745,0.00489701962846043,Low Volatility,Test
2025-09-29 00:00:00-04:00,0.0028104467833012237,0.004612380278804939,Low Volatility,Test
2025-09-30 00:00:00-04:00,0.003766834755358328,0.004117143073457848,Low Volatility,Test
2025-10-01 00:00:00-04:00,0.0034075722246513784,0.004056729902826493,Low Volatility,Test
2025-10-02 00:00:00-04:00,0.0011517326256851312,0.003775590153828188,Low Volatility,Test
2025-10-03 00:00:00-04:00,-1.4713447336833774e-05,0.003644829849432698,Low Volatility,Test
2025-10-06 00:00:00-04:00,0.0035861796762737264,0.0036639891017659684,Low Volatility,Test
2025-10-07 00:00:00-04:00,-0.0037075138893177817,0.003867516847553528,Low Volatility,Test
2025-10-08 00:00:00-04:00,0.005963055269571305,0.0039820192076514705,Low Volatility,Test
2025-10-09 00:00:00-04:00,-0.002896974724933221,0.003790416374000031,Low Volatility,Test
2025-10-10 00:00:00-04:00,-0.027027862178845674,0.007362407605581965,Low Volatility,Test
2025-10-13 00:00:00-04:00,0.015344118135168339,0.00806353278555681,Low Volatility,Test
2025-10-14 00:00:00-04:00,-0.0012216462876413203,0.008061877282605047,Low Volatility,Test
2025-10-15 00:00:00-04:00,0.004439529909605389,0.00810325144884064,Low Volatility,Test
2025-10-16 00:00:00-04:00,-0.006810319600221937,0.008207313183445156,Low Volatility,Test
2025-10-17 00:00:00-04:00,0.005676392528467966,0.008231628192328044,Low Volatility,Test
2025-10-20 00:00:00-04:00,0.010400500262923273,0.00849351955644135,High Volatility,Test
2025-10-21 00:00:00-04:00,-1.494287878323064e-05,0.00838406645807396,Low Volatility,Test
2025-10-22 00:00:00-04:00,-0.005198916065879078,0.008444370375761347,Low Volatility,Test
2025-10-23 00:00:00-04:00,0.005929962705964353,0.00843491598754626,Low Volatility,Test
2025-10-24 00:00:00-04:00,0.008172554694480416,0.008523252652356268,High Volatility,Test
2025-10-27 00:00:00-04:00,0.011797755361480311,0.008844178795285693,High Volatility,Test
2025-10-28 00:00:00-04:00,0.002655925971395856,0.008833581699901038,High Volatility,Test
2025-10-29 00:00:00-04:00,0.0004803706386860007,0.008825982478959273,High Volatility,Test
2025-10-30 00:00:00-04:00,-0.010998097614260183,0.00925426908310296,High Volatility,Test
2025-10-31 00:00:00-04:00,0.0032801312668069293,0.009267799205088547,High Volatility,Test
2025-11-03 00:00:00-05:00,0.0018766496475834948,0.009250486179074183,High Volatility,Test
2025-11-04 00:00:00-05:00,-0.011853548427536165,0.009635676330534552,High Volatility,Test
2025-11-05 00:00:00-05:00,0.003465476656154154,0.009577151410119306,High Volatility,Test
2025-11-06 00:00:00-05:00,-0.010729363869237507,0.009873532437644546,High Volatility,Test
2025-11-07 00:00:00-05:00,0.000984565078659072,0.007554764205677178,Low Volatility,Test
2025-11-10 00:00:00-05:00,0.015604278627143309,0.007580247527799536,Low Volatility,Test
2025-11-11 00:00:00-05:00,0.002289357854538432,0.007557034012420096,Low Volatility,Test
2025-11-12 00:00:00-05:00,0.0005563903162315587,0.007529326884590018,Low Volatility,Test
2025-11-13 00:00:00-05:00,-0.016593994920437227,0.008361212214114155,Low Volatility,Test
2025-11-14 00:00:00-05:00,-0.0001638243733123046,0.00828687063953921,Low Volatility,Test
2025-11-17 00:00:00-05:00,-0.009316347515515466,0.008231847139347501,Low Volatility,Test
2025-11-18 00:00:00-05:00,-0.008397553343794883,0.00842299519621436,Low Volatility,Test
2025-11-19 00:00:00-05:00,0.0038631766432766224,0.008418095103087352,Low Volatility,Test
2025-11-20 00:00:00-05:00,-0.015242227316648038,0.00890341762136167,High Volatility,Test
2025-11-21 00:00:00-05:00,0.009961138168965045,0.009013077513839821,High Volatility,Test
2025-11-24 00:00:00-05:00,0.014718606876234608,0.009257241508175985,High Volatility,Test
2025-11-25 00:00:00-05:00,0.009406020092127543,0.009523592426431624,High Volatility,Test
2025-11-26 00:00:00-05:00,0.006903398821459961,0.009677530059253711,High Volatility,Test
2025-11-28 00:00:00-05:00,0.0054584342293309,0.009436279443765511,High Volatility,Test
2025-12-01 00:00:00-05:00,-0.004565470301164498,0.009469045107691414,High Volatility,Test
2025-12-02 00:00:00-05:00,0.0018521864059071191,0.009468779442855896,High Volatility,Test
2025-12-03 00:00:00-05:00,0.003462839691083186,0.009078629730636003,High Volatility,Test
2025-12-04 00:00:00-05:00,0.0007310498015529188,0.009054966760303979,High Volatility,Test
2025-12-05 00:00:00-05:00,0.0018994848443159018,0.008659503999441015,High Volatility,Test
2025-12-08 00:00:00-05:00,-0.003004298856025711,0.008709802719742924,High Volatility,Test
2025-12-09 00:00:00-05:00,-0.0008629381305947925,0.008003384106692785,Low Volatility,Test
2025-12-10 00:00:00-05:00,0.00663214455678518,0.00812256991505521,Low Volatility,Test
2025-12-11 00:00:00-05:00,0.0023269460314641055,0.008134406693974286,Low Volatility,Test
2025-12-12 00:00:00-05:00,-0.010751986278262682,0.007575733340093891,Low Volatility,Test
2025-12-15 00:00:00-05:00,-0.0015108084138407696,0.00759021676681413,Low Volatility,Test
2025-12-16 00:00:00-05:00,-0.002732375302379353,0.007269945936359056,Low Volatility,Test
2025-12-17 00:00:00-05:00,-0.011003593983400228,0.007468041949783432,Low Volatility,Test
2025-12-18 00:00:00-05:00,0.0075513543702006025,0.007590195705525569,Low Volatility,Test
2025-12-19 00:00:00-05:00,0.009063414425573013,0.0067406523005686175,Low Volatility,Test
2025-12-22 00:00:00-05:00,0.00622989400678442,0.006566153629672145,Low Volatility,Test
2025-12-23 00:00:00-05:00,0.0045704023396588855,0.005896916430174888,Low Volatility,Test
2025-12-24 00:00:00-05:00,0.003517674396244841,0.00562656405289254,Low Volatility,Test
2025-12-26 00:00:00-05:00,-0.00010140966545213459,0.005474611529445282,Low Volatility,Test
2025-12-29 00:00:00-05:00,-0.0035636535074947684,0.005454208264921666,Low Volatility,Test
2025-12-30 00:00:00-05:00,-0.0012211244085722495,0.0053412500119061805,Low Volatility,Test
2025-12-31 00:00:00-05:00,-0.0074089416209803804,0.005625795159451384,Low Volatility,Test
